Index,given_name,surname,birthdate,phone_number,national_insurance_number,bank_account_number,IP_Address,postcode
0,Joel,Spencer,05/07/1984,(07700) 900579,ZZ 97 20 76 T,108456420,390477,BS1 FQI
1,Justin,Moore,17/06/1997,+44(0)7700900783,ZZ597442T,19089164,790570,BT35 8BA
2,Henry,Kelly,15/06/1990,+447700 900131,ZZ 790553 T,120373837,311280,B2 4CK
3,Andrea,Bentley,29/07/2000,(07700)900966,ZZ 94 33 77 T,39938745,256013,SW11 A2M
4,Ashley,Johnston,04/11/1968,(07700) 900285,ZZ 485590 T,129776587,248609,S3 B7M
5,Sarah,Carr,15/10/1963,+44(0)7700 900878,ZZ 00 36 10 T,77931403,293842,SE14 WK2
6,Hollie,Johnson,08/07/1982,+44(0)7700 900246,ZZ 55 16 73 T,110648983,323021,N1 S1C
7,Wayne,Wright,20/01/1987,7700900293,ZZ 43 58 07 T,42961806,291000,SE11 N4Q
8,Jill,Morgan,07/04/1999,4.48E+11,ZZ 96 51 07 T,120314197,111506,LL58 3MN
9,Lynn,Peters,21/12/1998,(07700) 900 907,ZZ447586T,85484780,221365,BS2 Q0J
10,Michael,Ellis,08/10/1963,(07700)900664,ZZ123099T,54684090,721249,BT1 LS3
11,Thomas,Harris,05/11/1995,+44(0)7700900438,ZZ 19 75 24 T,46400046,177433,DG2 5LR
12,Francis,Rogers,26/06/1991,+44(0)7700 900 491,ZZ 333604 T,97443201,548711,BT36 Z0M
13,Cheryl,Barrett,26/08/1961,(07700) 900273,ZZ 013027 T,98860126,476668,M2 O20
14,Wayne,Barrett,03/09/1991,07700 900776,ZZ 622180 T,55490733,261385,OX1 JP2
15,Leonard,Robertson,31/10/1977,(07700) 900678,ZZ731495T,43718993,770641,EX3 S5T
16,Eleanor,Nicholson,02/05/1976,(07700)900067,ZZ 31 39 40 T,91181572,195038,SW2 TWC
17,Deborah,Faulkner,14/04/1957,(07700) 900859,ZZ761128T,23089118,648186,W1 G0I
18,Christian,Price,07/11/1996,+447700 900 462,ZZ 574139 T,129866549,674052,TW10 HKM
19,Hilary,Jones,07/09/1987,(07700)900745,ZZ 259174 T,113418149,756295,G1 93P
20,Harry,Watson,20/10/1994,+44(0)7700 900732,ZZ 14 72 93 T,97861728,496786,SW2 U7V
21,Mohamed,Harrison,21/12/1977,(07700)900708,ZZ 357039 T,44261973,672407,OX1 TQP
22,Trevor,Fox,12/08/1968,4.48E+11,ZZ 097076 T,12791491,241081,SW3 2RQ
23,Eleanor,Atkins,30/12/1971,(07700) 900 572,ZZ 208421 T,77611422,502494,SE7 VRJ
24,Marc,Barlow,30/10/1959,7700900318,ZZ 07 81 26 T,59375964,810818,BT34 P0S
25,Michael,Turner,11/05/1987,+447700 900 882,ZZ464666T,61804410,756555,SW1 F15
26,Joe,Ali,19/05/2001,(07700) 900 720,ZZ326714T,56188659,542641,SW2 QOY
27,Heather,Mistry,14/01/1965,(07700)900098,ZZ 122405 T,22989280,508008,L3 53O
28,Derek,Warren,26/02/1989,7700900117,ZZ 117254 T,42243317,187456,SW15 QH4
29,Beverley,Davies,20/06/1999,07700 900844,ZZ 66 56 60 T,57990105,774108,SE3 R54
30,Kate,Cross,14/05/1989,(07700) 900612,ZZ 835094 T,70201363,663295,FK9 OU2
31,Lorraine,Reed,09/03/2001,(07700) 900876,ZZ 19 48 92 T,51157818,866126,DD2 64L
32,Robin,Patel,29/12/1978,+447700 900 791,ZZ829026T,21883390,125407,CB3 2P3
33,Julia,Randall,21/03/1972,07700 900 908,ZZ 40 53 33 T,89974254,521783,E1 FXN
34,Lauren,Berry,19/11/1972,+447700 900627,ZZ 360373 T,98865875,587009,PH2 79V
35,Mary,Singh,09/02/1984,(07700)900052,ZZ577881T,25766879,405536,BS2 89S
36,Louis,Ford,11/12/1956,+44(0)7700 900 327,ZZ 95 48 39 T,50965153,759080,SO15 DEO
37,Kim,Savage,29/08/1957,07700 900548,ZZ 058393 T,61101579,553032,G1 W1X
38,Charles,Knight,29/11/1985,+44(0)7700 900 020,ZZ752042T,53896164,326031,PO3 1W6
39,Shirley,Thomas,26/08/1984,+44(0)7700 900590,ZZ 165155 T,76740187,141987,EX1 UBW
40,Helen,Duffy,11/11/1990,7700900150,ZZ 21 90 99 T,80816777,882640,G2 7VU
41,Charlie,Ingram,23/10/1975,+44(0)7700 900 981,ZZ 524979 T,125588698,823379,SW14 RKO
42,Hazel,Gibbons,23/08/1989,07700 900243,ZZ195739T,125071985,447165,W6 ZWY
43,Kim,Tyler,18/05/1959,4.48E+11,ZZ 72 07 09 T,115128149,151595,M2 H6D
44,Brenda,Price,20/09/1967,+447700 900 750,ZZ 95 14 52 T,72074365,614664,NE3 BVF
45,Douglas,Barton,22/03/1994,07700 900210,ZZ880921T,43648322,159977,N1 QAK
46,Neil,Stevens,28/06/1986,+44(0)7700 900 248,ZZ 57 94 99 T,64488150,853992,LL59 91I
47,Janice,Lowe,06/08/1994,(07700) 900306,ZZ 90 19 21 T,52841880,681584,SW6 F34
48,Vincent,Robinson,04/06/1996,+447700 900 813,ZZ 371843 T,52190052,376383,SW15 ZJK
49,Allan,Hammond,14/12/1986,4.48E+11,ZZ 648472 T,72521708,335380,AB11 ZYE
50,Beth,Rogers,04/04/1979,07700 900 661,ZZ 747470 T,11749460,866065,N8 PXB
51,Hilary,Price,25/05/1982,+447700 900 670,ZZ711844T,106571572,610449,SW7 RDM
52,Laura,Hammond,05/05/1957,+447700 900 837,ZZ 89 55 34 T,19157025,415487,OX1 R17
53,Laura,Fox,14/11/1978,+44(0)7700 900 649,ZZ 754638 T,33763893,249334,SE3 O5U
54,Judith,Hobbs,21/10/1956,+44(0)7700 900949,ZZ 311930 T,56418905,631208,DG2 K28
55,Richard,Wilson,10/11/1960,+44(0)7700 900547,ZZ 781122 T,66384553,138795,SW2 4UN
56,Jemma,Hartley,19/06/1997,7700900595,ZZ 36 61 82 T,25705144,202782,B3 3KN
57,Matthew,Parsons,21/01/1988,+44(0)7700 900690,ZZ 03 10 76 T,75825207,755996,LS3 YQJ
58,Mohammed,Lewis,27/01/1961,4.48E+11,ZZ 53 69 16 T,45112432,681431,CF11 KVO
59,Iain,Burrows,20/06/1978,+44(0)7700 900 247,ZZ 631189 T,30643576,217429,PO2 IUG
60,Katie,Ford,29/09/2002,(07700) 900 576,ZZ 348898 T,112932419,172701,OX2 WB5
61,Neil,Webb,30/01/1991,+447700 900 392,ZZ 80 96 73 T,69002625,520675,B1 QCS
62,Louise,Allan,02/04/1989,07700 900149,ZZ048425T,40661344,148911,BT3 W2M
63,Denis,Turner,19/04/1962,+44(0)7700 900671,ZZ331917T,43841297,255894,SW1 7EN
64,Megan,Smith,15/01/1980,+44(0)7700 900618,ZZ 086143 T,94118681,736211,B3 8CU
65,Richard,King,03/05/1981,(07700) 900495,ZZ 23 31 21 T,19819965,443303,BN3 1UI
66,Jake,Clarke,23/01/1983,4.48E+11,ZZ948810T,47528765,825513,E2 K36
67,Lee,O'Neill,10/06/1956,+44(0)7700 900 555,ZZ908782T,115584563,697787,BT1 PUD
68,Dylan,Coleman,20/03/1974,+44(0)7700 900237,ZZ 513710 T,127027319,402133,N2 XPI
69,Jeremy,Smith,09/03/1988,+447700 900267,ZZ 86 53 48 T,30085228,729220,N1 XJS
70,Eleanor,Atkins,17/04/1972,+447700 900616,ZZ 96 32 28 T,23354474,138764,SW7 H1D
71,Pauline,Anderson,28/06/1982,+44(0)7700 900937,ZZ061735T,12787683,250081,BN3 YIT
72,Sally,Watson,25/05/1997,(07700)900176,ZZ987941T,33530385,267275,SE1 DZV
73,Pamela,Jenkins,08/03/1970,07700 900 862,ZZ796583T,24883546,502819,NG1 D4L
74,Victoria,Harvey,22/05/1980,+447700 900 213,ZZ 12 60 27 T,81521537,341669,L3 O47
75,Adam,Thompson,23/11/1988,(07700) 900 408,ZZ384331T,94535743,861975,CB1 TVU
76,Steven,Mistry,10/12/1978,07700 900356,ZZ168131T,68846442,645421,SW4 YH0
77,Andrea,Howard,27/08/1970,7700900874,ZZ 39 50 28 T,107918558,855530,B1 BMI
78,Eleanor,Gibson,10/09/1963,07700 900 302,ZZ 939937 T,88300803,168411,B1 K2Q
79,Samuel,Hewitt,19/11/2000,+44(0)7700900502,ZZ 09 85 50 T,99284073,538164,SE10 N9R
80,Robin,Turner,15/05/1988,(07700) 900 273,ZZ 53 54 94 T,74218608,723577,FK7 N30
81,Donna,Davies,13/12/1970,+447700 900938,ZZ324618T,114671105,253980,SW12 TIX
82,Rosie,Lyons,08/05/1970,+447700 900 156,ZZ331632T,40561198,166142,DD3 MA8
83,Catherine,Harris,31/10/1972,+447700 900 505,ZZ002009T,101695411,452164,PA2 8Q1
84,Chloe,Gardiner,05/08/2003,+447700 900566,ZZ 53 78 71 T,29935185,372197,B2 G7Z
85,Hannah,Turner,28/02/2000,+447700 900148,ZZ 947196 T,69342327,175929,NW11 Q9C
86,Justin,Edwards,11/08/1980,(07700)900977,ZZ 12 34 47 T,104340828,546959,W8 EKB
87,James,Smith,26/04/1971,7700900598,ZZ 91 59 95 T,38435634,686167,SW1 T62
88,Geoffrey,Watkins,01/10/1966,4.48E+11,ZZ431032T,66895631,349255,SO14 GHC
89,Tracy,Smith,22/12/1960,+447700 900 960,ZZ278789T,10754702,329971,EH3 NBU
90,Kyle,Gibson,25/01/1993,07700 900 331,ZZ 62 87 29 T,123452027,125873,IV3 CLT
91,Marcus,Scott,07/09/1963,7700900824,ZZ 336732 T,62252689,727805,W1 9UI
92,Melanie,Holden,04/12/1960,(07700) 900001,ZZ 72 23 72 T,61752656,572427,L2 38W
93,Lydia,Moore,12/09/1971,(07700)900313,ZZ 39 53 37 T,57863436,892753,L3 P8Q
94,Judith,Bentley,16/02/1968,7700900890,ZZ233733T,55395210,836089,SE13 KRY
95,Victoria,Kelly,23/02/1985,(07700) 900 385,ZZ 39 73 19 T,60942302,212531,BT62 0QG
96,Mathew,Potter,04/11/2003,7700900057,ZZ 37 49 44 T,19541097,626171,NW10 8NM
97,Nicola,Richards,29/01/1987,+44(0)7700 900 555,ZZ029263T,105368812,420310,LL58 I9M
98,Mohammad,Graham,23/10/2000,+447700 900 911,ZZ 726243 T,72065264,429034,SA1 WGY
99,Aimee,Singh,17/07/1976,07700 900 069,ZZ 930525 T,114779544,551330,FK7 N87
100,Karen,Savage,07/05/1984,4.48E+11,ZZ 34 52 35 T,42675927,210121,SE13 3B7
101,Pamela,Rees,12/06/1981,+447700 900294,ZZ 37 91 09 T,49298857,120277,S1 5V3
102,Ricky,Read,04/04/1958,+44(0)7700900830,ZZ 478584 T,55350776,592680,CF12 J8Q
103,Kerry,Bird,31/05/1969,+447700 900 093,ZZ807923T,11296997,236166,BT29 BEK
104,Deborah,Wilson,07/10/1986,(07700) 900 525,ZZ 18 94 84 T,39166656,387273,W2 ZAO
105,Russell,Davis,26/05/2002,7700900965,ZZ 30 03 64 T,112492658,370895,N1 BYR
106,Frances,Hopkins,02/11/1963,+44(0)7700900306,ZZ 361534 T,102635111,877672,BT2 YDC
107,Alan,Robertson,02/07/1981,07700 900384,ZZ671687T,31950417,653690,SW18 I82
108,Melanie,Williams,18/09/1958,+44(0)7700 900 620,ZZ 32 16 60 T,29018222,196722,YO11 4CF
109,Michelle,Richards,05/09/1964,+44(0)7700 900 577,ZZ142963T,64603058,604169,E2 O2U
110,Robert,Morrison,19/02/1969,+44(0)7700 900519,ZZ 06 75 37 T,61007408,195052,TW9 CIL
111,Howard,Mitchell,28/12/1968,+447700 900 607,ZZ 569284 T,69686452,411700,SO14 B52
112,Jordan,Watkins,19/06/1962,(07700)900430,ZZ 583319 T,109824996,252425,BT1 WR5
113,Christine,Turner,01/12/1962,7700900297,ZZ 239036 T,14977556,254723,NG1 LCZ
114,Brenda,Page,31/12/1956,+44(0)7700 900171,ZZ 769283 T,93219183,570084,L1 YQA
115,Lee,Hunter,14/01/1967,07700 900789,ZZ853954T,121720175,597545,SW6 CJR
116,Terence,Leach,25/06/1994,07700 900 492,ZZ 01 55 73 T,45974829,370449,L3 WA2
117,Maria,Howard,02/09/1999,07700 900474,ZZ811749T,68654469,264861,E8 37U
118,Victor,Graham,21/11/1985,+44(0)7700900069,ZZ 990037 T,77449102,424618,BT48 1ZQ
119,Yvonne,Evans,18/01/1992,+447700 900 107,ZZ 220120 T,69587632,772265,N8 L8X
120,Olivia,Owens,27/09/1984,7700900086,ZZ437549T,62900423,782920,W2 Y6H
121,Mohamed,Woodward,14/09/1962,+44(0)7700 900717,ZZ 29 20 18 T,64240026,174682,PA3 TYA
122,Francesca,Yates,21/10/1994,07700 900 413,ZZ 30 98 91 T,11399166,779169,SA2 DZ4
123,Damian,Clarke,19/08/1973,07700 900703,ZZ 634852 T,16234815,856483,NW10 HV2
124,Samuel,Ward,25/08/1971,+447700 900 347,ZZ 669947 T,95469258,368408,L1 Z3K
125,Naomi,Pearce,18/04/1975,4.48E+11,ZZ139526T,61445183,459416,SW7 V5N
126,Bruce,Moore,10/01/1957,(07700) 900 198,ZZ 299211 T,51497947,154215,PH3 J1U
127,Josephine,Hamilton,13/06/1968,07700 900848,ZZ 19 12 74 T,111644151,344856,EH3 ULV
128,Ashley,Wright,22/01/1990,(07700) 900 089,ZZ785644T,94594001,117732,SW14 ZN3
129,Dennis,Booth,02/11/1976,+44(0)7700 900351,ZZ 169838 T,125486716,755532,LL58 KIV
130,Glen,Reid,13/10/1965,07700 900 416,ZZ 97 42 03 T,64106458,707305,SE5 QAT
131,Donald,Gardner,15/08/2000,(07700) 900 982,ZZ 541224 T,48906810,863698,E14 C3O
132,Adrian,Pritchard,03/07/1986,(07700) 900622,ZZ 57 32 77 T,93410555,502399,L3 DWF
133,Lorraine,O'Connor,29/12/1955,+44(0)7700 900 936,ZZ 05 17 44 T,86438586,882406,PA2 FI4
134,Kate,Russell,13/01/1975,+44(0)7700900599,ZZ457956T,81277726,294011,N2 DB6
135,Claire,Miller,17/06/1976,(07700) 900670,ZZ 775923 T,65929663,138065,SW12 QBK
136,Bruce,Atkinson,05/04/1974,+44(0)7700 900 266,ZZ024423T,43827305,890122,SE5 HDO
137,Laura,Donnelly,13/07/1989,+44(0)7700 900609,ZZ 47 53 93 T,109008880,226207,LL12 XCU
138,Joshua,Schofield,21/06/1996,07700 900 368,ZZ072731T,47056169,243143,PO1 CQT
139,Lisa,Cox,16/09/1978,+44(0)7700900646,ZZ 01 90 40 T,16898277,554214,LS3 ZGL
140,Janet,Marshall,22/05/1968,+44(0)7700900298,ZZ842073T,106574728,729427,B2 0C2
141,Graham,Brown,04/12/1996,07700 900 868,ZZ740179T,12188745,398923,DG2 WPR
142,Catherine,Freeman,24/12/1984,+447700 900634,ZZ 185396 T,48764052,756491,FK9 F9H
143,Benjamin,Hale,26/05/1982,(07700) 900275,ZZ 073260 T,74303571,892720,OX1 K0Z
144,Mohamed,Robinson,22/09/1990,07700 900991,ZZ 859861 T,35736789,583121,S2 2HP
145,Joyce,Ford,02/07/1958,+44(0)7700 900 381,ZZ993781T,83595590,303523,LL13 EOV
146,Irene,Birch,05/03/1961,07700 900 848,ZZ 469404 T,47270686,652190,WC1 1S0
147,Albert,Holland,16/01/2000,(07700)900785,ZZ603602T,116338077,398041,E1 2R9
148,Thomas,Smith,08/06/1979,(07700) 900 039,ZZ 269052 T,107500432,560070,L2 2N1
149,Marion,Sanderson,26/10/1967,4.48E+11,ZZ396311T,26340155,336789,PO2 JER
150,Gemma,Campbell,31/05/1968,7700900628,ZZ 37 27 30 T,123040808,203461,E14 NRB
151,Mandy,Davies,13/04/1998,+447700 900738,ZZ 49 26 94 T,127118011,333412,DG3 D7V
152,Alex,Moran,28/10/1980,+44(0)7700 900934,ZZ967251T,45530580,614373,SE14 A2O
153,Callum,Norman,13/06/1969,07700 900668,ZZ 490286 T,118362627,772477,SE1 TC3
154,Owen,Patel,09/03/1964,7700900598,ZZ 42 22 03 T,48117780,109310,SE7 0F4
155,Duncan,Pugh,18/05/1997,07700 900 019,ZZ 03 58 40 T,75333508,559635,L1 3FM
156,Dean,Anderson,03/08/1972,4.48E+11,ZZ697060T,125174358,737037,EH3 WIH
157,Derek,Patel,16/02/1994,(07700) 900044,ZZ108221T,36883770,578780,SE11 6EB
158,David,Watkins,02/09/1978,(07700) 900329,ZZ 56 62 72 T,95232757,864906,TW10 MVJ
159,Gary,Edwards,05/05/1959,(07700)900585,ZZ 708577 T,113803372,453089,DD3 07G
160,Shaun,Finch,13/04/1971,+447700 900 489,ZZ079854T,82280929,804137,SW15 20S
161,Jayne,Foster,20/10/1982,+44(0)7700 900020,ZZ 195059 T,20544724,596045,L2 95V
162,Elliott,Gibbons,06/04/2003,+447700 900959,ZZ 953018 T,24664574,408757,BT60 90D
163,Harry,Ward,01/04/1957,+44(0)7700900345,ZZ 250700 T,40035103,499180,SW3 DZG
164,Carol,Howe,31/10/1974,+44(0)7700 900 581,ZZ203336T,35801397,244989,SW14 946
165,Francis,Wilson,10/04/1974,+447700 900723,ZZ810250T,69276367,237141,E1 7HK
166,Rachel,Taylor,22/05/1958,+44(0)7700 900 369,ZZ 08 95 25 T,67526624,172015,SE1 9CZ
167,Elizabeth,Perry,22/08/1971,07700 900 680,ZZ 03 51 14 T,57016348,417619,NE3 EH4
168,Callum,Smith,08/06/1980,(07700) 900 498,ZZ166315T,119308101,371988,NE3 R2O
169,Maureen,Parry,03/07/1975,4.48E+11,ZZ 35 77 67 T,64950316,407584,LL13 H7G
170,Pamela,Green,18/07/1995,4.48E+11,ZZ 16 76 25 T,80834597,851498,M3 XZ8
171,Lindsey,Simpson,21/12/1969,(07700) 900771,ZZ 59 18 39 T,110004718,874979,LS1 6F1
172,Clifford,Robinson,26/06/1989,7700900296,ZZ 076409 T,102028184,254086,S1 SIY
173,Christine,Smith,01/11/1957,+44(0)7700 900040,ZZ 64 75 34 T,71372110,192814,LS2 4LJ
174,Donald,Watkins,01/09/1996,(07700) 900 747,ZZ 635507 T,48401043,827045,BS3 2ZS
175,Vincent,Gray,20/10/1976,+44(0)7700 900322,ZZ 101311 T,59975539,623963,SW7 G1Z
176,Naomi,Ford,26/10/1993,+44(0)7700900040,ZZ 308378 T,117995558,630207,SO14 RO3
177,Bradley,Harding,14/03/1996,+44(0)7700 900455,ZZ793917T,24793966,487678,FK8 G1S
178,Dale,Smith,15/07/1967,+44(0)7700 900960,ZZ 59 67 29 T,42707439,879790,NW11 PDZ
179,Ian,Todd,09/06/1958,(07700) 900355,ZZ223213T,54081648,393830,TW9 XQ1
180,Henry,Russell,24/09/1972,07700 900 429,ZZ657535T,86996497,841244,L2 0LX
181,Terence,White,16/05/1963,+447700 900 180,ZZ 722576 T,39481551,865149,SO16 IG7
182,Mohammed,James,10/05/1976,+447700 900 271,ZZ 40 04 90 T,19385554,106560,SO16 JWX
183,Terry,Turner,01/03/1964,+44(0)7700 900758,ZZ 78 88 30 T,47020276,117672,CB2 S2Q
184,Christian,Donnelly,14/12/1968,+44(0)7700 900390,ZZ 45 32 52 T,116531777,804213,W2 OVS
185,Abigail,Poole,12/06/1985,+44(0)7700900128,ZZ454027T,63316582,214219,N9 R28
186,Tony,Ellis,25/03/1967,(07700)900495,ZZ 32 78 74 T,95820347,200804,SW11 ZNJ
187,Vincent,Fuller,11/12/1993,7700900752,ZZ 64 70 85 T,96084946,541213,E8 2CK
188,Jack,Clarke,08/07/1956,07700 900018,ZZ 78 19 34 T,50372351,232389,SW1 TXC
189,Ian,Bishop,16/07/1996,+44(0)7700 900563,ZZ 062303 T,21055940,606461,E3 Q3W
190,Hilary,Pearce,02/11/1994,07700 900261,ZZ 527581 T,26003560,166159,PH1 X5C
191,Hilary,Freeman,18/08/1956,(07700) 900 959,ZZ950506T,120980000,534238,BT2 MYO
192,Toby,Armstrong,29/05/1996,(07700) 900976,ZZ 873443 T,48530943,706515,BN2 025
193,Jonathan,Parsons,23/12/1969,+447700 900 594,ZZ 992547 T,19141455,384867,NG2 3OY
194,Pamela,Buckley,25/12/1971,07700 900619,ZZ 268056 T,54219782,531215,SA3 4E6
195,Bryan,Stanley,14/08/1997,(07700)900481,ZZ334708T,58190328,431203,B2 1VF
196,Thomas,Parker,05/11/1966,+447700 900 668,ZZ736513T,120907313,281006,NG1 Q6F
197,Hazel,Allen,27/07/1960,(07700) 900 935,ZZ940296T,29693265,279317,BT62 IFV
198,Richard,Tucker,29/08/1995,(07700) 900021,ZZ 311627 T,108788208,655565,CF12 UYO
199,June,Lambert,06/02/1959,07700 900 852,ZZ 26 74 24 T,26076364,449727,IV2 BR8
200,Charles,Smith,03/05/1961,7700900588,ZZ 197353 T,76415975,833616,SW1 HOA
201,Derek,Whitehead,27/07/1968,(07700) 900 374,ZZ157985T,104472408,420225,BN2 SWN
202,Paula,Walker,09/02/1996,07700 900620,ZZ 902515 T,48421528,365175,E1 6M0
203,Carly,Hawkins,12/11/1967,+44(0)7700900120,ZZ605045T,15276612,642189,CF11 U7P
204,Gavin,Mills,25/07/1957,07700 900 577,ZZ 87 48 99 T,114312299,178844,N9 2I7
205,Stacey,Freeman,19/09/1980,+44(0)7700900876,ZZ 603608 T,43571897,536121,AB11 RC1
206,Jenna,Hopkins,05/08/1975,+44(0)7700 900131,ZZ 26 09 92 T,117727438,746324,N8 7XB
207,Yvonne,Miller,03/11/1983,+44(0)7700900113,ZZ 11 12 13 T,94997925,767835,SW1 VF7
208,Gerard,Matthews,26/07/1976,+44(0)7700900168,ZZ 82 75 94 T,125164258,241466,LS1 9EA
209,Carl,Chapman,21/06/1967,+44(0)7700 900623,ZZ 89 96 97 T,36988125,123028,EC1 P8G
210,Joyce,Clark,28/03/1998,+447700 900611,ZZ682180T,128316582,700091,N22 19Q
211,Danny,Baker,03/06/1981,+44(0)7700 900 376,ZZ 061965 T,48707912,353044,N1 N4W
212,Joanna,O'Brien,30/10/1964,(07700) 900 029,ZZ 68 35 54 T,34109294,548758,WC1 09E
213,Lynn,Parkes,10/11/1973,07700 900893,ZZ 270383 T,92751493,530133,S2 062
214,Rosemary,Fletcher,17/02/1958,+44(0)7700 900 290,ZZ 96 65 38 T,79135498,382552,EX3 JSE
215,Yvonne,Collier,14/07/2002,07700 900969,ZZ 16 99 90 T,75960780,729577,DG2 ER5
216,Lindsey,O'Sullivan,16/11/1969,+44(0)7700900280,ZZ 936099 T,104771769,254205,BN2 TWF
217,Brandon,Lewis,12/07/1998,+447700 900 460,ZZ685878T,88792903,318174,NW1 9WR
218,Geoffrey,Lynch,16/02/1990,(07700)900645,ZZ 53 25 73 T,26678791,141807,CB1 RBD
219,Craig,Marshall,20/10/1987,(07700) 900122,ZZ823250T,102652547,616155,M1 3O7
220,Natalie,Mitchell,28/09/1978,+44(0)7700 900975,ZZ 94 85 29 T,113944927,157843,SW12 0X2
221,Andrew,Browne,10/01/1977,4.48E+11,ZZ 04 46 02 T,106419414,498619,E2 B2O
222,Bradley,Brady,24/12/1955,+447700 900287,ZZ 058025 T,81936342,705904,LS1 86Z
223,Craig,Gray,16/02/1994,(07700)900176,ZZ415904T,61848298,406914,NW3 RBJ
224,Marc,McDonald,07/09/1982,(07700) 900045,ZZ 75 42 39 T,107260073,734162,N8 U6D
225,Diana,Clark,07/09/1997,+44(0)7700 900 805,ZZ651644T,89597851,846680,N2 416
226,Julia,Pickering,30/03/1959,(07700) 900 268,ZZ 911849 T,55769590,131177,BT2 ZBV
227,Gemma,Williams,18/12/1969,7700900861,ZZ 00 49 62 T,43969823,332757,NG1 KP4
228,Jenna,Evans,22/07/1980,07700 900 186,ZZ716843T,42257578,587045,EH1 FX8
229,Claire,Savage,06/05/1977,07700 900 978,ZZ 38 53 19 T,94391181,531353,N22 OGM
230,Lynn,Wyatt,02/02/1959,+44(0)7700900367,ZZ883436T,112822079,107862,FK7 12J
231,Jemma,Evans,03/10/1977,+44(0)7700 900 834,ZZ558306T,129024970,468671,E8 1U6
232,Laura,Franklin,13/01/1990,(07700) 900 446,ZZ388770T,108700914,491853,PH2 KHJ
233,Lynne,Brown,29/01/2002,(07700) 900097,ZZ 735353 T,76296165,619138,N1 TNK
234,Nicholas,Edwards,30/01/1990,(07700) 900409,ZZ 39 11 15 T,27864216,212345,LS2 8Q0
235,Christopher,King,28/05/1979,07700 900300,ZZ254370T,19947565,246002,W6 9C3
236,Helen,Edwards,12/01/1989,+44(0)7700 900 017,ZZ 13 39 35 T,60440590,479306,CB3 TO2
237,Stacey,Taylor,30/09/1995,7700900623,ZZ 246018 T,18717097,534754,NE2 39Y
238,Barry,Hopkins,19/09/1976,+44(0)7700900482,ZZ 43 14 66 T,67118320,454592,W6 BYV
239,Joanne,Saunders,02/09/2000,+447700 900 396,ZZ 41 32 39 T,126542387,857739,SW14 9OQ
240,Dominic,Collins,23/08/1986,+44(0)7700 900 182,ZZ 14 75 68 T,15668288,130182,SW3 VZR
241,Gordon,Stewart,06/03/1972,(07700) 900381,ZZ 99 11 18 T,29363854,721285,SW15 4HM
242,Rachel,Lewis,19/02/1966,07700 900866,ZZ 609390 T,64579085,795125,PA2 16D
243,Denis,Townsend,30/11/1960,(07700) 900740,ZZ927709T,62604295,242277,S1 SUP
244,Francis,Jackson,07/12/1971,+44(0)7700 900 476,ZZ 911803 T,15136781,293444,SE3 NUT
245,Arthur,West,18/07/1981,4.48E+11,ZZ 900269 T,47295441,829920,L2 KH5
246,Sean,Moore,01/12/1985,4.48E+11,ZZ 48 21 11 T,43476426,788885,N22 7CO
247,Hayley,Taylor,25/04/1972,7700900653,ZZ 333548 T,63167391,156738,BT27 8HO
248,Albert,Russell,14/03/1959,+447700 900738,ZZ 813272 T,127103660,358725,PH2 1E0
249,Karl,Lowe,08/05/1966,4.48E+11,ZZ465641T,39330084,735531,NW11 3VS
250,Christine,Brown,10/03/1970,+447700 900877,ZZ 666404 T,101580461,609294,S3 D46
251,Clifford,Green,24/05/1970,+44(0)7700 900364,ZZ345654T,57879569,695906,CF11 LCX
252,Claire,Sanders,07/10/1971,(07700) 900 756,ZZ 97 68 54 T,55385246,881820,SW1 VXG
253,Valerie,Chadwick,01/12/1988,+44(0)7700 900 144,ZZ 855228 T,67642595,810423,N9 V3Y
254,Marie,Harris,03/11/1969,4.48E+11,ZZ 29 36 27 T,16239810,453151,L3 ILK
255,Mandy,Bailey,26/01/2002,+44(0)7700 900910,ZZ 54 22 56 T,124577626,871102,BN2 VBI
256,Lindsey,Dawson,25/10/1969,07700 900 234,ZZ 33 29 09 T,104184356,219948,LS2 MPR
257,Shannon,Stephenson,17/08/1978,7700900785,ZZ495815T,28808611,685174,B2 S84
258,Judith,Connor,31/07/1978,(07700) 900942,ZZ451683T,112791171,344087,NG1 17U
259,Lawrence,Pearce,11/11/1992,+447700 900 941,ZZ 63 57 45 T,37242093,680558,BS1 Q9T
260,Jade,Clarke,25/05/1980,+447700 900522,ZZ 189163 T,58967690,468208,TW9 3MT
261,Brenda,Payne,05/06/1988,+44(0)7700 900806,ZZ 26 55 08 T,73472649,859759,SO15 F1G
262,Charles,Buckley,26/01/1994,7700900456,ZZ 64 86 29 T,74513756,318563,M3 AVY
263,Sandra,Osborne,10/02/1983,7700900124,ZZ 39 34 06 T,100631751,213372,LS2 2KE
264,Benjamin,Marsh,05/06/1965,4.48E+11,ZZ 83 45 35 T,71328892,408223,N9 PT3
265,Joanne,Turner,05/05/1960,+447700 900269,ZZ100555T,13973991,610237,G2 210
266,Harriet,Taylor,17/02/1980,07700 900 302,ZZ146318T,85474460,702359,E8 RAK
267,Ben,Lloyd,31/05/1967,4.48E+11,ZZ 69 88 01 T,57643229,246544,LS2 I54
268,Holly,Bradley,16/12/1977,+44(0)7700 900328,ZZ 45 55 06 T,115247088,606487,PO3 6I9
269,Rebecca,Smith,29/03/2001,+44(0)7700 900170,ZZ 47 74 65 T,108211267,337343,SE7 WX4
270,Heather,Webb,27/11/1959,4.48E+11,ZZ 853735 T,86070863,711671,SE3 B5H
271,Damien,Patel,05/09/1965,+447700 900 972,ZZ 34 03 70 T,18735493,208994,BT28 XB3
272,Peter,Murphy,17/01/1989,(07700)900375,ZZ947958T,91182940,522270,W8 EQ3
273,Alison,Begum,01/05/1983,+44(0)7700900884,ZZ 204955 T,31514015,365421,N8 5BU
274,Kate,Cox,18/08/1978,+44(0)7700 900 905,ZZ 854323 T,85674435,851693,BT48 D2Q
275,Leon,Evans,08/03/1961,07700 900312,ZZ758305T,94689149,351311,E8 R6E
276,Lesley,Nicholson,02/05/1983,7700900784,ZZ 29 95 80 T,48687090,348600,NP11 NQ3
277,Jamie,Price,04/09/1972,07700 900915,ZZ 35 13 85 T,43444869,271667,PA3 ZC0
278,Bradley,Lewis,29/02/1980,(07700) 900353,ZZ 54 72 66 T,86390491,397649,SE13 5MO
279,Geraldine,Wood,26/05/1990,+44(0)7700 900 198,ZZ 376996 T,53980669,386003,L1 L69
280,Leah,Thomson,20/02/1979,+447700 900213,ZZ132713T,115480201,695381,PH3 BV4
281,Mary,Newman,25/05/1979,07700 900 573,ZZ 00 83 03 T,84739355,744986,BN2 MZF
282,Jayne,Harrison,30/09/1967,(07700)900596,ZZ793814T,62820464,797889,LS2 8HT
283,Hugh,Newman,24/09/1987,+447700 900 633,ZZ548379T,49091465,742760,SE14 PEG
284,Christopher,Doherty,28/09/1960,(07700) 900411,ZZ 563722 T,68141273,729141,S1 BFS
285,Anthony,Garner,20/12/1962,+44(0)7700900216,ZZ 82 19 62 T,35456344,744829,SE11 YBK
286,Marion,Jenkins,13/10/1964,+44(0)7700900394,ZZ 84 40 48 T,122452002,452332,TW9 OKC
287,Shane,Mellor,08/09/1962,(07700) 900628,ZZ 57 74 81 T,22110619,649935,TW9 E1X
288,Oliver,Jackson,30/10/2003,4.48E+11,ZZ066649T,76761881,114707,IV2 A7N
289,Hugh,Allen,22/12/1972,(07700) 900535,ZZ 398560 T,40983608,640866,SW3 Q1N
290,Rachael,Archer,13/10/1956,7700900738,ZZ 48 48 70 T,99840763,330633,LL57 GX2
291,Norman,Palmer,29/10/1992,+44(0)7700900517,ZZ 44 10 19 T,73737863,253947,WC1 14O
292,Owen,Hayward,23/06/1995,(07700) 900 399,ZZ 152449 T,78161515,406609,NW10 0DY
293,Graeme,Wilson,17/08/1963,+44(0)7700900758,ZZ 28 99 07 T,37732930,401184,PO3 HUV
294,Philip,Morris,06/07/1989,+447700 900 092,ZZ 41 30 97 T,76734151,440945,E3 O2V
295,Nigel,Cooper,17/01/1994,4.48E+11,ZZ 452993 T,53135197,579527,PH3 5SM
296,Nicole,Rogers,18/06/1977,07700 900 882,ZZ996225T,71321022,551620,IV1 5R0
297,Alison,Thomas,08/11/1994,07700 900283,ZZ 26 21 65 T,93701138,610258,L3 0LC
298,Carl,Lloyd,05/06/1984,07700 900877,ZZ 256213 T,96256075,717120,SW3 TE7
299,Gerard,Elliott,31/03/1991,07700 900123,ZZ 47 08 52 T,38733608,280726,NE3 8ZR
300,Zoe,Price,01/04/1963,+447700 900 487,ZZ491054T,126837335,711085,OX1 MFJ
301,Holly,Armstrong,18/09/1983,+447700 900 755,ZZ729115T,84057367,765477,WC1 TZE
302,Jacob,Bird,18/05/1983,4.48E+11,ZZ 221166 T,107284570,647606,NW2 02U
303,Elizabeth,Bray,31/12/1961,+44(0)7700 900936,ZZ 805140 T,100477300,120560,SW6 4EI
304,Alex,Armstrong,02/07/1992,+44(0)7700 900 062,ZZ 922606 T,79532583,801752,NW1 SJQ
305,Wayne,Cox,13/05/1997,7700900278,ZZ 117380 T,19174943,437864,PO3 W0S
306,Joshua,Foster,12/07/1971,07700 900 127,ZZ 195625 T,78004096,763087,SE14 F2M
307,Jayne,Morris,12/01/1995,+447700 900637,ZZ 24 31 56 T,34492600,337666,BN1 RXY
308,Gail,Lewis,11/01/1971,07700 900473,ZZ 81 22 57 T,82643061,480694,B2 MSE
309,Gregory,Wood,13/06/1981,+447700 900 072,ZZ 25 60 30 T,40223193,645643,W2 2C6
310,Phillip,Foster,28/08/1978,+44(0)7700900992,ZZ 942340 T,34824731,710666,N8 VG0
311,Darren,Ahmed,01/12/1970,07700 900 404,ZZ643195T,49852251,579977,PA2 8UR
312,Grace,Walker,17/07/1959,(07700)900446,ZZ 13 48 30 T,71983143,254762,SW18 J1X
313,Marian,Walker,26/05/1962,+447700 900 835,ZZ 263128 T,87736012,190923,SW7 QXK
314,Glen,Taylor,19/11/1982,07700 900538,ZZ 593867 T,77326063,578456,NW3 5VC
315,Stephanie,Dunn,16/02/1985,7700900200,ZZ 14 32 87 T,27974067,288752,SE3 FKH
316,Tracey,Myers,21/08/1969,+44(0)7700 900406,ZZ 04 01 82 T,47366082,627741,NG1 S6E
317,Leigh,Jones,28/11/1967,(07700) 900914,ZZ578574T,89506606,488666,YO1 KBW
318,Amanda,Ellis,07/12/1968,+44(0)7700 900607,ZZ 83 39 62 T,45970250,215708,M1 AMN
319,Mohammad,Williams,31/01/1963,+44(0)7700900214,ZZ 306251 T,33827496,239637,BS3 3AP
320,Paige,Reeves,10/06/1967,+447700 900 510,ZZ118215T,49453061,332539,W6 2YS
321,Holly,Scott,30/01/1973,+44(0)7700 900058,ZZ645895T,35215145,823881,S2 Y19
322,Sarah,Davies,08/01/1959,+44(0)7700 900746,ZZ 883415 T,25723760,280294,CB3 OT2
323,Dean,Ross,19/11/1957,+44(0)7700 900422,ZZ 61 67 72 T,122012167,863752,SE7 3YL
324,Danny,Spencer,20/01/1971,(07700)900519,ZZ725323T,30907788,544062,N22 OFD
325,George,Knight,28/01/1962,+447700 900117,ZZ560229T,70406537,495044,B3 TJ7
326,Garry,Jones,08/04/1983,07700 900 871,ZZ937602T,54846906,541538,OX2 FK8
327,Geoffrey,Smith,14/02/1996,+44(0)7700900943,ZZ872419T,124930234,539244,PO1 YFK
328,Terence,Norman,20/04/1962,+44(0)7700900586,ZZ 676244 T,104033371,517305,LS2 78J
329,Helen,Lee,18/02/1995,4.48E+11,ZZ 68 21 40 T,111392076,831519,CB3 1YU
330,Aimee,Jackson,09/10/1961,4.48E+11,ZZ 16 30 44 T,71545934,387814,N2 851
331,Gary,Garner,12/04/1988,07700 900 350,ZZ 502391 T,66142229,505798,PA2 MEH
332,Keith,Townsend,18/07/1996,4.48E+11,ZZ 20 30 74 T,83260139,674321,NW10 SOA
333,George,Donnelly,06/11/1981,(07700) 900407,ZZ 596429 T,90554249,138551,L2 DT5
334,Frank,Little,08/12/1998,(07700)900596,ZZ348282T,108887549,466410,L2 IYW
335,Dennis,Henderson,16/06/2002,(07700) 900120,ZZ 012694 T,17139980,240723,N2 Z3Y
336,Dylan,Walters,23/08/1983,(07700)900889,ZZ654759T,25633504,590274,L1 J8H
337,Sam,Martin,12/09/1976,+44(0)7700 900035,ZZ 92 95 36 T,66555007,490178,DG2 4GN
338,Brett,Whitehouse,20/03/2001,4.48E+11,ZZ 107951 T,114112334,175397,KA4 KD1
339,Michael,Schofield,27/07/1961,(07700) 900 245,ZZ 478978 T,114430197,165166,LL57 NYX
340,Robert,Miller,04/12/1992,+44(0)7700900565,ZZ 049493 T,118583325,658195,N1 NRE
341,Elaine,Miles,25/03/1968,(07700) 900 730,ZZ156066T,65565564,508909,BN1 4DV
342,Arthur,Lloyd,18/03/1981,07700 900 212,ZZ 65 45 98 T,23366297,788516,SO16 1OM
343,Tina,Power,12/12/1994,(07700) 900132,ZZ 029071 T,115135213,326090,BS1 QXF
344,Danielle,Gallagher,01/02/1975,4.48E+11,ZZ 73 46 19 T,68652092,506837,OX3 HSW
345,Claire,Hunt,01/09/1959,(07700)900076,ZZ543075T,15901615,891426,CF11 9X8
346,Gordon,Johnson,10/07/1976,(07700)900502,ZZ692577T,45990939,601385,YO11 7KA
347,Trevor,Brown,17/01/1983,(07700) 900 377,ZZ 95 99 00 T,60788689,653254,E8 N7Q
348,Chloe,Cunningham,22/11/1967,+44(0)7700 900042,ZZ 32 75 99 T,20606442,629170,YO11 OV7
349,Lynne,Smith,02/09/2001,07700 900 837,ZZ 51 47 54 T,14154353,119047,SO14 OBN
350,Keith,Mitchell,09/12/1957,7700900539,ZZ204951T,74598849,150739,LS1 XVP
351,Jayne,Parsons,19/04/1962,(07700)900316,ZZ405871T,118419509,316238,LS3 24I
352,Gerard,Swift,16/11/1977,+447700 900 080,ZZ 08 08 77 T,74759989,596251,L2 J5Y
353,Max,Hooper,18/05/1983,(07700)900502,ZZ 20 69 72 T,103073536,253175,CB1 IRS
354,Jenna,O'Brien,16/03/1964,07700 900 121,ZZ 48 73 67 T,114839086,882752,LS1 HG7
355,Melissa,Cameron,05/07/1961,+44(0)7700 900186,ZZ857675T,81231267,626955,SW1 S39
356,Marc,Cooper,15/07/1979,07700 900560,ZZ 851741 T,60196064,423571,OX3 S98
357,Joanne,Middleton,19/03/1972,+44(0)7700 900 032,ZZ 141314 T,66208707,466032,L2 HB3
358,Steven,Townsend,14/12/1987,+44(0)7700 900895,ZZ 889964 T,18696972,805392,BS2 AWJ
359,Jamie,Brown,24/03/1960,(07700)900237,ZZ913183T,61705027,360436,NW2 Z9W
360,Kimberley,Day,15/09/1999,+44(0)7700900221,ZZ 815666 T,112357230,558052,EH3 7M0
361,Jake,Taylor,05/09/1998,+44(0)7700900874,ZZ 162507 T,30691528,772933,SE1 X0P
362,Karl,Rowley,15/11/1986,+44(0)7700 900 494,ZZ 972746 T,104635038,506195,BT48 31A
363,Brett,Gibson,09/09/1990,+44(0)7700900617,ZZ 45 32 27 T,47225408,348022,CB3 SL4
364,Trevor,Randall,18/07/1962,+44(0)7700900517,ZZ056639T,111573840,500630,PH3 NJZ
365,Gail,Singh,14/10/1965,07700 900747,ZZ 83 07 93 T,49304165,116028,E3 S1D
366,Beverley,Kemp,05/01/1961,7700900721,ZZ 94 57 10 T,114374839,183791,DD3 1AB
367,Daniel,Walsh,08/10/1989,+44(0)7700900423,ZZ 29 49 54 T,64304807,370036,S3 NFI
368,Phillip,White,30/05/1970,7700900129,ZZ448885T,63620825,899007,NW1 VRF
369,John,Hope,27/02/1959,07700 900 318,ZZ 336899 T,112416650,199078,IV3 D2N
370,Sian,Howell,08/05/1957,07700 900 867,ZZ151525T,23078129,625483,SW12 KT9
371,Geraldine,Kemp,21/05/1966,07700 900 925,ZZ497620T,84361516,829013,N2 TJB
372,Martyn,Smith,06/09/1983,+44(0)7700 900 152,ZZ372939T,75646224,287312,BN2 E50
373,Anna,Chan,28/06/1992,+44(0)7700 900 673,ZZ875063T,14829662,274341,M3 2IP
374,Gary,Hargreaves,29/10/1956,+44(0)7700 900 115,ZZ 362040 T,81698062,382027,W2 Z42
375,Michelle,Hunt,15/02/2003,07700 900 056,ZZ 194852 T,10265055,270200,OX3 KM7
376,Victor,Bishop,22/12/1977,7700900269,ZZ531165T,81087851,186583,NG2 EZL
377,Chelsea,Ward,03/12/1998,(07700) 900 014,ZZ 99 20 91 T,73043418,564592,IV3 DG8
378,Garry,Harris,14/06/1978,07700 900819,ZZ 50 47 96 T,59074689,687937,N2 EYD
379,Lauren,Davies,24/05/2002,07700 900 367,ZZ 24 61 51 T,73250036,539507,L2 N0P
380,Jack,Douglas,01/04/1992,07700 900353,ZZ 29 03 20 T,118662466,781979,SE10 QG4
381,Patricia,Lewis,15/02/1964,(07700) 900020,ZZ 390685 T,76671803,154276,BT34 JH8
382,Stanley,Dunn,04/02/1970,07700 900 307,ZZ 226907 T,113494231,101627,E14 9G8
383,Eileen,Turner,05/03/1962,(07700) 900437,ZZ300619T,107859756,136641,YO10 T0G
384,Gordon,Kelly,07/12/1986,07700 900 732,ZZ 82 42 73 T,43595145,702969,WC1 38M
385,Marian,Lambert,17/02/1999,+44(0)7700 900 914,ZZ055785T,92373596,558362,SE14 DHM
386,Chelsea,Harrison,28/03/1978,(07700) 900849,ZZ 034941 T,129729411,401688,G1 HFB
387,Louis,Fleming,14/01/1963,4.48E+11,ZZ189806T,92236484,341986,OX3 WFL
388,Gareth,Daly,08/05/1995,07700 900850,ZZ550659T,105834689,688002,CF10 YVJ
389,Stephen,Smith,22/08/2000,7700900781,ZZ 273726 T,58072378,264994,SE1 J1Y
390,Helen,Benson,21/11/1986,(07700) 900 183,ZZ 963303 T,62430867,131478,SE6 TGJ
391,Lawrence,Collins,10/04/1997,+44(0)7700900607,ZZ 570974 T,20786951,535132,W8 TBN
392,Joseph,Holland,03/10/1998,+44(0)7700 900654,ZZ 27 70 63 T,94614428,278632,OX1 THD
393,Donald,Lewis,12/10/1997,4.48E+11,ZZ156938T,18810952,872628,L1 9X8
394,Charles,Johnston,09/02/1989,4.48E+11,ZZ 348340 T,95462035,796823,W6 6LX
395,Jodie,Perry,25/05/1971,4.48E+11,ZZ048098T,53078199,501126,DG1 CV5
396,Joseph,Briggs,07/01/1971,+44(0)7700 900 348,ZZ288186T,81934962,468502,M1 QY4
397,Margaret,Walsh,27/10/1996,(07700)900934,ZZ 882683 T,89635593,366109,SW18 O95
398,Dorothy,Ellis,07/12/1991,(07700) 900 591,ZZ391882T,121592141,720454,E3 AML
399,Frederick,Jenkins,18/10/1959,+44(0)7700 900959,ZZ289393T,103544586,729294,DG3 2IO
400,Max,Ellis,23/09/1970,+44(0)7700900500,ZZ 64 55 15 T,31598361,244983,S1 D7F
401,Grace,Campbell,20/06/1990,+447700 900 876,ZZ 216272 T,44622020,635173,SW2 V52
402,Darren,Dixon,05/10/1966,07700 900 468,ZZ 101448 T,61832165,196493,NW1 HVU
403,Katie,Jones,11/12/1994,(07700) 900495,ZZ838823T,60301804,359777,SW4 Q2M
404,Martyn,Green,26/06/1982,4.48E+11,ZZ 07 91 19 T,37290100,252333,E3 4DP
405,Gemma,Price,21/09/1967,(07700) 900142,ZZ874312T,111448674,178485,YO11 TD8
406,Andrea,Allen,17/03/1993,07700 900403,ZZ 827383 T,112877082,123929,NW2 A6B
407,Robert,Fox,16/10/1981,4.48E+11,ZZ 64 48 49 T,36819058,805117,SW2 NVT
408,Denis,Roberts,18/05/1970,(07700)900159,ZZ 905168 T,90628175,584106,SW1 JTG
409,Danielle,Shaw,05/02/1998,4.48E+11,ZZ 301767 T,94942200,457785,EX1 EIK
410,Joanne,Faulkner,20/02/1972,07700 900 768,ZZ 63 12 60 T,76211137,871577,M2 YC7
411,Stanley,Wells,10/01/1963,+447700 900 065,ZZ189276T,36623752,164115,M2 6TR
412,Kate,Knight,28/05/1984,+44(0)7700 900645,ZZ 542819 T,99165464,334099,NW11 JZR
413,Harriet,Richards,10/12/1975,7700900576,ZZ 272685 T,61025532,305354,NG1 MGA
414,Carol,Stevens,15/09/1963,07700 900 955,ZZ 89 96 65 T,32758540,157094,PH2 17L
415,Simon,Matthews,11/11/1958,(07700) 900 730,ZZ287389T,45058842,102244,BS3 I5Q
416,Stacey,Gardner,09/03/1992,+44(0)7700900427,ZZ645127T,115821763,772907,TW9 LC5
417,Marcus,Arnold,05/01/1960,+447700 900251,ZZ 383100 T,114651002,606687,LS3 94Y
418,Amy,Morris,23/07/1983,(07700) 900750,ZZ 877049 T,114758293,515783,W2 JQD
419,Samuel,McCarthy,25/05/1996,+44(0)7700900365,ZZ 99 98 47 T,27539538,436692,BT36 5GW
420,Timothy,Poole,17/06/1990,+447700 900 258,ZZ423170T,128149296,658062,SW1 MWC
421,Robin,Morris,11/09/1980,(07700) 900743,ZZ 851919 T,14900523,431529,E3 FDZ
422,Dennis,Gibbons,02/10/2003,+44(0)7700900782,ZZ443600T,91042284,351817,SO15 GMS
423,Sophie,Brown,26/07/2000,(07700)900901,ZZ 048469 T,67400724,837926,SW2 YVI
424,Annette,Walker,17/10/1958,(07700) 900 562,ZZ510064T,91525002,504063,BS2 FXM
425,James,Moore,28/07/2002,07700 900416,ZZ260969T,44585772,383808,L3 WYG
426,Emily,Baker,29/05/1984,+447700 900764,ZZ 80 17 58 T,64868644,169557,E8 9KN
427,Marie,Coates,10/09/1989,07700 900431,ZZ184250T,20739568,795249,G1 U9O
428,Elliot,Shaw,04/11/1994,(07700) 900124,ZZ 68 25 87 T,12767302,572534,N22 7GH
429,Yvonne,Thompson,24/09/1978,07700 900863,ZZ 81 09 85 T,69412082,638213,FK7 EYD
430,Gareth,King,05/06/1969,+44(0)7700 900 521,ZZ997214T,108287408,215719,LL13 Z80
431,Georgia,Evans,17/09/1958,(07700) 900 272,ZZ 752152 T,55116554,481643,CB3 EGS
432,Joshua,Young,28/05/1995,+447700 900961,ZZ 98 46 22 T,18221101,171459,BN3 FN5
433,Tina,Fleming,21/12/1997,(07700) 900099,ZZ 07 88 89 T,108665952,720159,EX2 Q7N
434,Graeme,Taylor,13/05/1963,+44(0)7700900215,ZZ919729T,100456004,502346,SW7 U7L
435,Jacob,Fox,09/01/1993,+44(0)7700 900 365,ZZ 96 19 74 T,31756556,275628,FK8 V0Q
436,Gerard,Lucas,08/05/1961,+44(0)7700 900 627,ZZ603205T,59843328,381692,N1 WPR
437,Robert,Hussain,18/12/1973,4.48E+11,ZZ 395597 T,34959208,231113,PO2 K7C
438,Glen,Evans,13/09/1983,(07700)900884,ZZ 423477 T,88158301,483197,NE3 81J
439,Kimberley,Marsh,28/10/1973,07700 900540,ZZ 69 30 91 T,50155248,805226,N1 H5S
440,Olivia,Mason,30/06/1961,07700 900492,ZZ974029T,88100126,657487,NG3 G9C
441,Gregory,Watts,28/11/1974,07700 900805,ZZ748095T,79535580,279795,SW14 L7J
442,Lucy,Jones,22/09/1980,+447700 900859,ZZ698609T,62242929,576156,SA1 TV5
443,Peter,Mills,30/11/1955,+44(0)7700 900322,ZZ405675T,32882636,803323,E2 3PU
444,Kirsty,Sharpe,19/02/1983,+447700 900 112,ZZ 81 42 86 T,36342185,509720,PA3 AV9
445,Clive,Rees,04/10/1973,+44(0)7700900053,ZZ784509T,18344554,134106,N22 V58
446,Alex,Sinclair,17/06/1965,+44(0)7700900291,ZZ 85 69 51 T,67012248,271255,SW3 IXF
447,Alison,Jones,29/05/1976,(07700)900428,ZZ953130T,29057539,159743,W1 RI8
448,Bruce,Turner,15/08/1995,(07700) 900 258,ZZ 76 61 12 T,64121909,457704,TW10 J6H
449,Anthony,Fitzgerald,21/12/1994,07700 900 633,ZZ 559066 T,79765208,399067,BN1 EMJ
450,Oliver,Smith,30/04/1979,(07700) 900228,ZZ 82 92 38 T,50730621,316602,L1 CXM
451,Roy,Hawkins,13/08/1996,07700 900 150,ZZ 92 71 92 T,18211195,805267,N22 IB6
452,Luke,Lee,08/09/1986,+447700 900 618,ZZ 93 01 97 T,46544805,762038,SW1 LRW
453,Richard,Bailey,27/10/1986,+44(0)7700 900 450,ZZ 60 33 61 T,24152617,857117,BT27 29J
454,Kenneth,Watson,01/03/1989,07700 900269,ZZ 62 23 67 T,129329963,473510,M1 UDQ
455,Teresa,Wallis,07/10/1960,7700900673,ZZ 20 72 36 T,30328037,780671,YO1 V6Y
456,Charlie,Howell,23/02/1992,07700 900296,ZZ 110078 T,74867402,396433,W8 M5G
457,Leanne,Ali,03/10/1981,+44(0)7700900728,ZZ533016T,19847775,156069,BN3 Y4O
458,Adam,Stanley,18/04/1993,(07700) 900215,ZZ 999928 T,33033837,561385,NE2 1FA
459,Lesley,Cole,03/07/1988,+447700 900296,ZZ 628610 T,11329851,211917,EX1 B79
460,Owen,White,17/08/1985,+447700 900055,ZZ 69 84 69 T,18150625,291409,LL57 OKJ
461,Amanda,Smith,17/08/1993,+44(0)7700 900 313,ZZ 546925 T,65186011,137313,EH3 RZ2
462,Nigel,Dodd,20/03/1976,07700 900 429,ZZ565655T,48473000,622163,NG2 AIH
463,Christine,Todd,08/01/1988,07700 900 684,ZZ 432458 T,111273991,173586,SE10 4RW
464,Simon,Fox,05/01/1973,(07700)900371,ZZ584641T,48734765,821783,BT34 42H
465,Matthew,Hobbs,28/02/1960,07700 900 987,ZZ930501T,98585087,649601,LL11 9HB
466,Carole,Brooks,01/05/1982,+44(0)7700900985,ZZ 807993 T,74841596,870251,NG2 HE3
467,Conor,Storey,20/02/1972,07700 900533,ZZ142839T,85292969,709811,BT3 3N5
468,Yvonne,Nolan,18/11/1998,(07700)900086,ZZ190819T,90399640,121893,BT47 4Y0
469,Toby,Cox,06/02/1987,(07700) 900 454,ZZ205051T,49024034,737335,W2 JMD
470,Fiona,Williams,10/12/1974,07700 900034,ZZ 69 80 20 T,19244491,526319,SW7 32Z
471,Terry,Knight,03/10/1965,+44(0)7700900268,ZZ661220T,109813994,411303,E14 EDZ
472,Jill,Myers,17/04/2001,+44(0)7700 900260,ZZ060903T,100213865,610799,SE14 HPI
473,Julie,Pratt,26/02/1996,07700 900629,ZZ 83 87 27 T,105321477,628965,BT62 L3O
474,Judith,Francis,22/05/1979,+447700 900 813,ZZ 151092 T,30222421,768814,OX3 8XJ
475,Stewart,Green,28/11/1975,+44(0)7700 900437,ZZ648834T,107992736,688146,E2 ZCT
476,Sophie,Thomas,30/01/1991,(07700) 900 837,ZZ 44 20 35 T,57221890,764717,B3 NQ5
477,Dale,Kirk,23/01/1997,07700 900 363,ZZ 636316 T,11554228,395906,NE3 F42
478,Tracey,Clarke,15/03/1977,+44(0)7700 900 512,ZZ 02 41 28 T,95495675,446771,B3 JC9
479,Josephine,Taylor,22/06/2003,07700 900 074,ZZ 20 04 68 T,119415793,227461,KA3 YNS
480,Mathew,Hall,30/04/1987,07700 900 984,ZZ 421918 T,122961991,808698,BN2 FGJ
481,Neil,Wilson,05/04/1963,07700 900532,ZZ 706692 T,122027275,537029,SE7 LZT
482,Frank,Miah,29/12/1981,4.48E+11,ZZ 74 53 69 T,43115596,252736,E8 156
483,Simon,Moore,19/09/1960,(07700)900566,ZZ 70 07 14 T,46751834,844530,N9 RKE
484,Kevin,Haynes,27/02/1962,+447700 900868,ZZ 03 34 98 T,31796626,289214,YO11 PK7
485,Hollie,Talbot,13/01/2002,+447700 900 532,ZZ 40 48 35 T,62851954,356863,N9 O6Q
486,Rosie,Wright,25/11/1973,07700 900 159,ZZ435984T,101703727,827764,LL13 XGT
487,John,King,01/09/1973,(07700) 900861,ZZ772143T,126781083,719847,S2 E87
488,Leigh,Hudson,10/06/1962,(07700) 900901,ZZ 92 91 18 T,49028519,320893,NW1 C8G
489,Denis,Taylor,16/02/1988,(07700) 900 981,ZZ 084958 T,65192241,295451,SW14 IOS
490,Billy,Rose,15/11/1997,+447700 900932,ZZ 47 12 18 T,13240488,309547,E14 ZHD
491,Donna,Kay,12/05/2002,+44(0)7700 900028,ZZ 789209 T,16203969,631875,CB3 CQR
492,Josephine,Knowles,02/09/1959,(07700)900441,ZZ 61 49 82 T,70832703,649508,LL59 MAJ
493,Kevin,Baker,18/07/1983,+447700 900309,ZZ780673T,12889895,816761,W1 8G4
494,Lindsey,Bradshaw,20/04/1996,7700900767,ZZ 63 11 51 T,76635700,280289,TW10 GI8
495,Victor,Harper,21/01/1961,07700 900043,ZZ 85 01 80 T,56324154,686226,SO16 890
496,John,Cooper,18/01/1957,(07700)900944,ZZ146788T,68567297,263842,PH1 SMD
497,Katy,Martin,26/07/1989,(07700)900051,ZZ 83 97 18 T,84854997,824723,CF12 MCG
498,Rebecca,Thornton,22/08/1960,07700 900370,ZZ 172888 T,20840716,574987,S2 6N3
499,Joshua,Cook,12/12/1986,(07700)900061,ZZ 555568 T,113267772,426240,OX2 IHP
500,Steven,Ward,22/07/1989,(07700)900755,ZZ 60 09 64 T,83066702,870665,SE6 NSR
501,Kate,Mistry,10/05/1968,7700900828,ZZ441902T,16564666,208236,SW1 XC0
502,Lynda,Hargreaves,01/07/1969,(07700)900293,ZZ 782808 T,10343388,100428,OX3 NHW
503,Abigail,Moore,14/10/1992,+447700 900 424,ZZ 525261 T,44092427,264061,SE14 64B
504,Ronald,Dale,19/03/2002,+44(0)7700 900830,ZZ 635674 T,128987364,306522,E1 6CO
505,Beverley,Morris,29/03/1957,+447700 900416,ZZ 248467 T,16788303,548669,IV2 2VX
506,Nicola,Moss,28/01/1964,+447700 900 467,ZZ 11 00 83 T,108419399,314865,PO1 DVC
507,Marcus,Allen,28/08/1995,+447700 900 979,ZZ846447T,101004688,280220,TW9 AHY
508,Craig,Martin,13/07/1999,07700 900 224,ZZ 42 29 45 T,78241736,689117,G1 CLF
509,Susan,Welch,22/01/1958,+44(0)7700 900469,ZZ 064562 T,66991865,892512,E1 JB9
510,Phillip,Byrne,30/09/1966,+44(0)7700900698,ZZ359031T,95356507,322964,B3 QAC
511,Terence,Reid,01/10/1963,4.48E+11,ZZ 514070 T,53666608,571939,BN1 S4Y
512,Harriet,Lord,08/09/1958,+44(0)7700 900 177,ZZ 46 48 35 T,75003391,766208,LS2 20G
513,Dylan,Hope,17/05/1975,(07700)900047,ZZ 030795 T,77111317,760023,DG3 1ZJ
514,Gary,Rowe,11/08/1972,4.48E+11,ZZ 42 44 78 T,10569094,603101,SE14 EFT
515,Julie,Jones,07/09/2000,(07700)900784,ZZ 18 20 11 T,109838254,186944,DD3 JDC
516,Jill,Morgan,29/09/2003,(07700) 900785,ZZ275149T,49284120,640029,M2 JM8
517,Graham,Robson,08/10/1983,+44(0)7700 900193,ZZ588902T,122724028,839849,LS3 ELA
518,Darren,Martin,28/02/1964,(07700) 900407,ZZ 911294 T,15352594,369604,N9 0F9
519,Alex,Burton,14/06/2000,+44(0)7700900034,ZZ 41 13 71 T,17256656,333523,SW18 69R
520,Sarah,King,24/11/1973,07700 900 110,ZZ936943T,93437978,439542,SW2 UVO
521,Iain,Hall,07/08/1996,+44(0)7700 900 450,ZZ013187T,15056243,191933,BT34 Y4T
522,Georgina,Brown,19/01/1989,+44(0)7700 900 039,ZZ163594T,33829287,469166,BT1 PF8
523,Kathryn,Hancock,16/01/1974,+44(0)7700 900665,ZZ 364375 T,64449267,740414,YO1 LUA
524,Jordan,Lee,11/12/1957,4.48E+11,ZZ463270T,30290152,475250,S1 I0P
525,Marcus,Baxter,27/10/1999,(07700)900925,ZZ730736T,42107657,472027,NW1 2T5
526,Nicole,Harrison,08/12/1995,+44(0)7700900350,ZZ 630304 T,58675665,554728,L3 ZDW
527,Sylvia,Roberts,12/11/2000,(07700) 900585,ZZ 59 19 60 T,27972616,106625,SE6 NLR
528,Ruth,Peters,18/05/1983,+44(0)7700 900 242,ZZ 71 22 10 T,46036313,756409,E2 D6F
529,Kyle,Johnson,10/07/1988,07700 900945,ZZ 512583 T,121826642,138201,SE10 RA9
530,Leah,Burton,10/12/1990,07700 900270,ZZ 331923 T,93750464,770624,W1 PGC
531,Simon,Wright,30/10/1958,7700900243,ZZ 31 52 46 T,110112503,123785,SE1 AHL
532,Dennis,Ryan,24/05/1970,(07700) 900388,ZZ 817778 T,109799733,187640,SE13 37L
533,Tina,King,23/08/2001,+447700 900 367,ZZ 502181 T,42653169,830791,YO10 OPC
534,Louise,Lawrence,03/03/1962,+44(0)7700 900352,ZZ140801T,33220307,435233,SE3 NHF
535,Denis,Cook,17/12/2002,4.48E+11,ZZ 44 37 92 T,50974814,198823,S1 9VO
536,Elliott,Carey,23/07/1999,(07700) 900 004,ZZ 213837 T,38117208,496792,SE10 WFN
537,Lesley,Howells,23/10/1957,(07700)900672,ZZ965881T,98425370,503461,PH2 57F
538,Cheryl,Johnson,29/04/1957,4.48E+11,ZZ895912T,33913520,506808,SO15 3R0
539,Patricia,Howells,26/12/1997,(07700) 900 138,ZZ 91 85 68 T,89994111,426019,NG3 IH5
540,Joyce,Jones,11/11/1970,07700 900 748,ZZ896024T,80768401,832981,YO11 6MB
541,Leonard,Harris,05/01/1958,7700900388,ZZ 57 06 95 T,74050183,268597,L2 L8E
542,Justin,Noble,06/03/1960,+447700 900612,ZZ044938T,63686173,688471,SW1 A7R
543,Diane,Ward,31/12/1981,+447700 900719,ZZ 79 93 38 T,58925849,186815,AB10 E6D
544,Billy,Smith,13/11/1968,+44(0)7700 900 888,ZZ 559885 T,125955292,693220,CF11 HKL
545,Shirley,Scott,01/01/1977,+447700 900364,ZZ607197T,44949583,395471,W8 W4S
546,Martin,Parker,12/06/1973,+44(0)7700900716,ZZ 004166 T,79601265,336836,IV2 WOV
547,Andrea,Roberts,23/10/1994,+447700 900 421,ZZ 96 60 03 T,74544369,526780,NE1 PN4
548,Wayne,Hughes,29/12/1985,7700900799,ZZ 315645 T,58700585,775882,NE2 KDF
549,Elliot,King,24/06/1971,(07700) 900 318,ZZ 611611 T,72076606,179335,SW12 YVC
550,Arthur,Simpson,27/07/1972,+447700 900 137,ZZ 882140 T,25231485,728880,SW4 4G2
551,Bruce,Day,23/07/1973,+44(0)7700 900317,ZZ 76 58 21 T,107296681,837864,SW18 5R0
552,Eric,Matthews,05/09/1979,07700 900534,ZZ 403127 T,32742792,678636,DG1 5EI
553,Laura,Rhodes,02/06/1999,7700900785,ZZ526463T,127886110,587579,DG2 34G
554,Eric,Evans,26/08/1994,(07700) 900 556,ZZ181528T,129056524,892299,SW4 E4X
555,Nicola,James,17/04/1967,(07700) 900 596,ZZ 94 49 45 T,36490451,209441,BT3 5AB
556,Dylan,Henry,24/06/1975,+447700 900505,ZZ 487078 T,78463941,892024,EX1 51B
557,Connor,Taylor,03/03/1962,07700 900754,ZZ 529118 T,104262236,623116,SW2 Z10
558,Wayne,Thompson,17/06/1999,+44(0)7700 900454,ZZ 200829 T,31228262,823230,SE13 R27
559,Lynda,Stevens,01/03/1995,+44(0)7700 900 839,ZZ 349017 T,119759608,111148,M1 U5Y
560,Gary,Heath,14/04/1980,(07700)900300,ZZ 94 14 52 T,85051197,181957,PH2 6ZK
561,Zoe,Leonard,08/10/1982,(07700) 900850,ZZ 61 79 15 T,72225635,319582,N1 RSX
562,Gareth,Reynolds,03/10/1960,(07700)900105,ZZ 74 82 29 T,23827011,354905,E1 5G6
563,Caroline,Horton,18/04/1976,4.48E+11,ZZ 53 43 57 T,105996048,653325,CB3 1H9
564,Alexandra,Howe,03/11/1967,07700 900334,ZZ211398T,43273797,196171,IV3 7OB
565,Arthur,Thompson,21/07/1977,+44(0)7700 900705,ZZ865468T,71500131,574402,SE7 3VC
566,Max,Clarke,08/07/1980,(07700) 900087,ZZ 664319 T,103470223,887621,LS1 LE8
567,Melissa,Clark,10/11/1977,+44(0)7700 900639,ZZ 515259 T,58374607,317417,S2 3JB
568,Shannon,Duffy,08/05/1997,+44(0)7700 900 206,ZZ 62 06 34 T,60832823,627728,BN1 4Y0
569,Jamie,Cross,20/01/1988,07700 900805,ZZ 26 57 16 T,42496795,524665,SW14 YPG
570,Henry,Warren,16/01/1968,07700 900982,ZZ 00 35 25 T,99363237,274658,PA2 13U
571,Wendy,Hall,19/10/1958,07700 900277,ZZ 213147 T,60664761,417049,SE7 N9H
572,Diane,Bibi,29/04/1956,4.48E+11,ZZ589610T,129076944,324642,SW4 RTZ
573,Megan,Hale,04/03/1985,07700 900 317,ZZ 92 93 44 T,15832027,368952,L3 UOL
574,Gail,Evans,30/07/1994,07700 900568,ZZ727352T,108874060,862852,N1 16A
575,Clive,Harris,21/02/1993,07700 900 184,ZZ057211T,36206632,659183,N2 G2O
576,Stewart,Baker,26/08/1991,(07700)900888,ZZ722545T,104933963,594955,KA3 WAB
577,Joan,Fuller,27/06/1977,(07700) 900546,ZZ 742192 T,34441512,805838,WC1 7U5
578,Michelle,Harrison,21/10/1996,+44(0)7700 900 703,ZZ 11 56 84 T,113772995,787547,SE1 M3F
579,Jade,Atkinson,28/03/1963,(07700) 900082,ZZ 65 86 55 T,116643814,601815,PO1 X8W
580,Kirsty,Roberts,24/12/1956,07700 900 252,ZZ315233T,108575974,546243,LL12 E2F
581,Katy,Griffiths,05/07/1984,+447700 900 518,ZZ 221214 T,13856856,150760,SE10 IJZ
582,Aimee,Pearce,08/10/1994,07700 900163,ZZ 797602 T,68941305,883153,B1 JQZ
583,Robert,Taylor,13/06/1964,07700 900545,ZZ 474018 T,85163441,183716,M1 CBS
584,Tina,Stokes,29/01/1966,+44(0)7700 900 515,ZZ 470723 T,63106763,851425,L3 PH9
585,Edward,Williams,31/10/1979,(07700) 900 877,ZZ 753513 T,103328715,646209,W6 4UG
586,Sylvia,Davies,15/01/1963,+44(0)7700900780,ZZ 08 52 85 T,49039016,216639,PH3 VQZ
587,Kieran,Jones,26/07/1986,+447700 900 572,ZZ 496157 T,23002072,514004,S3 MN1
588,Ben,Hayes,17/05/1982,07700 900759,ZZ 14 45 66 T,39819673,671887,LL58 FSB
589,Henry,Fox,13/12/1993,07700 900638,ZZ764422T,71839006,535539,BN2 7NK
590,Abigail,Cooper,21/08/2003,7700900998,ZZ 487858 T,77410092,615936,WC1 GCT
591,Beverley,Macdonald,23/10/2000,07700 900 918,ZZ 701219 T,41001039,271521,S2 GUI
592,Jade,Austin,14/05/1997,(07700) 900 649,ZZ 57 61 21 T,20805188,480335,AB12 C2W
593,Gordon,Roberts,09/08/1969,+447700 900713,ZZ 234520 T,59068653,126779,IV1 YWT
594,Colin,Robson,22/01/1997,(07700) 900 409,ZZ 606943 T,38158335,320388,SW1 NBR
595,Iain,Thompson,06/07/2002,4.48E+11,ZZ 37 93 32 T,46599274,856480,SW1 HCY
596,Valerie,Wilson,11/02/1978,(07700)900419,ZZ208226T,123498900,148220,G2 WHV
597,Marcus,Webb,19/09/1956,+44(0)7700900191,ZZ499935T,52725333,373981,EX3 XV7
598,Gary,Bishop,10/06/1989,+447700 900434,ZZ 11 24 80 T,34206003,803373,WC1 WGF
599,Mohammad,Grant,29/09/1978,(07700) 900 059,ZZ 83 13 72 T,27800131,841537,PO2 OYL
600,Daniel,Turner,01/10/1979,7700900623,ZZ809017T,122997020,632762,SE10 GPC
601,Hayley,Clayton,07/03/2001,7700900354,ZZ 32 90 52 T,11951821,710918,SW1 HEW
602,Christopher,Grant,05/08/1962,7700900554,ZZ 29 07 25 T,17493189,648524,NG2 FDO
603,Wendy,Lee,06/09/1994,+44(0)7700 900674,ZZ117696T,91473141,535859,E3 PN1
604,Diana,Burton,31/10/1967,(07700) 900 282,ZZ 455659 T,54896561,475076,NE2 ES9
605,Luke,Perry,13/12/1966,07700 900169,ZZ 125022 T,15930602,286306,PH1 HAU
606,Charlene,Gordon,03/02/2003,(07700) 900289,ZZ 17 87 02 T,75060017,447184,S1 XE9
607,Christine,Osborne,13/11/1957,+447700 900112,ZZ 39 69 47 T,85159170,780692,NW10 5A4
608,Laura,Clark,20/05/1977,07700 900 953,ZZ 88 71 92 T,119572827,581168,NW3 FBR
609,Jeffrey,Brown,17/08/1959,07700 900721,ZZ 87 50 39 T,56784105,887498,SW1 JMR
610,Richard,Murphy,02/03/2003,07700 900 161,ZZ 054322 T,18686898,647133,AB11 AMW
611,Tom,Williams,05/07/1968,07700 900453,ZZ 383855 T,29853982,753000,N1 9Z1
612,Antony,Wright,11/03/1966,(07700) 900 514,ZZ659083T,94277438,179687,TW10 4O6
613,Elizabeth,Gray,12/05/1972,(07700)900170,ZZ565281T,55313137,123702,SW7 9RI
614,Rachael,Harding,14/05/1957,07700 900 166,ZZ 04 12 22 T,65588651,509374,SE3 XEN
615,Gerard,Cook,07/09/1957,7700900195,ZZ 498628 T,125568867,731431,DD1 2XR
616,Jeremy,Williams,05/08/1984,7700900404,ZZ 500569 T,10397282,236054,LS3 8D6
617,Iain,Davies,02/07/2000,(07700)900104,ZZ 08 32 57 T,62627104,264930,EC1 NGS
618,Terry,Carr,20/06/1977,+44(0)7700 900 277,ZZ 758757 T,90585713,177241,SO14 PJ2
619,Alexandra,Thompson,14/02/1990,+447700 900 537,ZZ589442T,39881339,634184,EH3 5U8
620,George,Cooper,10/05/1993,4.48E+11,ZZ 087469 T,87578830,114929,NW2 PCM
621,Stephanie,Wright,21/01/1995,(07700) 900 294,ZZ988015T,72452916,150357,SE13 YBQ
622,Kate,Matthews,18/06/2003,(07700)900175,ZZ 35 40 37 T,76582727,412063,SW18 NF4
623,Dale,O'Connor,07/09/1961,+44(0)7700900624,ZZ 427503 T,126977198,644610,PA1 8BH
624,Dorothy,Hodgson,11/06/1987,(07700) 900006,ZZ685921T,63066450,194660,KA1 PB0
625,Charlene,Leach,02/10/2001,+447700 900 434,ZZ823863T,11131065,141339,NE3 B4O
626,Gillian,Allen,19/12/1998,07700 900 925,ZZ267124T,35743073,451109,BT49 M71
627,Stacey,Butler,16/09/1993,+447700 900074,ZZ089296T,129592143,386741,M2 NMZ
628,Olivia,Taylor,14/09/2003,7700900997,ZZ 64 94 05 T,29558591,329011,SW15 4IL
629,Chelsea,Jones,30/03/1993,4.48E+11,ZZ 785398 T,12708031,476974,BN2 4CF
630,Kathleen,Walker,13/03/1981,7700900426,ZZ149544T,124698071,579463,SE13 FK0
631,Marc,Francis,17/01/1974,7700900080,ZZ 071394 T,40722526,641339,BT2 E1T
632,Katherine,Ahmed,17/01/1998,7700900168,ZZ962536T,96313507,748625,SW2 MFA
633,Russell,Hayward,15/05/1986,+44(0)7700 900 657,ZZ 824161 T,128192133,591607,L3 VWE
634,Lynne,Harris,15/06/1996,+44(0)7700 900349,ZZ 40 83 59 T,16735440,545167,N9 NX8
635,Alan,Clarke,28/03/1998,(07700) 900 564,ZZ 373050 T,113695218,474562,NE2 XJD
636,Joe,Baker,26/01/1978,+447700 900 716,ZZ 19 82 59 T,40927075,344720,FK8 U4D
637,Jacob,Edwards,01/03/1992,(07700) 900030,ZZ 724236 T,98144949,193137,G2 9IZ
638,Samuel,Bibi,10/09/1979,4.48E+11,ZZ 04 27 86 T,110372657,732805,LL59 1DT
639,Alexander,Hughes,15/06/1977,07700 900 333,ZZ293049T,41516799,717996,S2 XAK
640,Dale,Walters,26/03/1963,(07700)900006,ZZ 287468 T,91197032,518774,N8 085
641,Norman,Hart,11/11/1987,07700 900 245,ZZ 74 24 30 T,84701532,425416,B1 MJN
642,Robert,Ward,06/01/1991,+44(0)7700900682,ZZ 77 03 80 T,111616273,759442,SW6 61P
643,Susan,Bishop,19/02/1961,07700 900046,ZZ 965384 T,68597827,103568,BS1 JQR
644,Denise,Cooper,20/05/1971,07700 900 836,ZZ291698T,78621738,220182,YO10 GOH
645,Billy,Mason,01/06/1956,+44(0)7700 900 816,ZZ 62 69 74 T,90620827,324371,SW15 F29
646,Dawn,Chadwick,17/08/1975,07700 900422,ZZ 77 76 52 T,40821582,181898,NW1 TVW
647,Patricia,Matthews,14/07/1970,07700 900 875,ZZ739314T,50515781,579388,SW3 PWN
648,Roy,Pickering,09/09/1988,07700 900058,ZZ 763378 T,60824006,331339,SW11 CDH
649,Mathew,Freeman,22/01/1989,4.48E+11,ZZ 614918 T,29270837,356873,LL57 F5U
650,Danielle,Weston,08/05/1993,7700900782,ZZ 793782 T,125278089,520187,N9 2QW
651,Barbara,Gray,16/04/1997,+44(0)7700 900 063,ZZ508218T,82154534,115602,FK7 CNS
652,Donna,Watson,22/03/1957,(07700) 900077,ZZ 396340 T,120552946,735015,BT47 LEB
653,Gregory,Thomas,24/09/1979,+447700 900 409,ZZ347312T,26767194,277172,LS3 KPB
654,Aimee,Tomlinson,10/08/1960,7700900380,ZZ079483T,115133228,338256,SE3 BSX
655,Hannah,Armstrong,16/12/1976,(07700)900069,ZZ 06 96 93 T,40215363,247910,PA1 I8O
656,Jason,Johnson,14/11/1998,+44(0)7700 900 109,ZZ 125191 T,71228989,447284,TW10 6X8
657,Aaron,Anderson,14/09/2001,(07700)900854,ZZ 14 37 53 T,29572580,128990,SE10 HA2
658,Malcolm,Ward,03/12/1977,(07700) 900 750,ZZ823695T,92076770,159253,LL59 3AH
659,Alison,Henderson,14/08/1967,+44(0)7700900392,ZZ997737T,61181625,594647,SE13 I6D
660,Lynne,Lloyd,19/09/1978,4.48E+11,ZZ760811T,116050193,266032,FK8 ZNK
661,Ryan,Briggs,10/06/1971,(07700) 900209,ZZ805084T,63746673,663278,NW11 MXN
662,Katherine,Reed,22/01/1997,(07700) 900318,ZZ809694T,27775525,845647,E8 X4N
663,Glenn,Harris,14/05/1993,+447700 900301,ZZ 98 30 42 T,30697933,652880,W1 2EL
664,Dorothy,Johnson,26/11/1998,(07700) 900 003,ZZ 06 21 98 T,81225972,838310,SW6 5ZE
665,Ashleigh,Hargreaves,23/01/1997,+44(0)7700 900840,ZZ 88 87 78 T,25153712,128821,L1 TY6
666,Nigel,Barnes,26/05/1988,+44(0)7700 900 064,ZZ485619T,27125515,761817,SW18 H67
667,Karen,Thomas,04/07/1990,+447700 900 310,ZZ 14 24 81 T,14123737,388120,L1 W6R
668,Victor,Thompson,20/04/1992,(07700) 900 282,ZZ704667T,96646902,365445,W8 FU8
669,Angela,Palmer,27/04/1975,07700 900 124,ZZ554217T,101324177,439596,TW10 20P
670,Grace,Ball,07/09/1961,07700 900256,ZZ 00 99 25 T,28536718,899955,PO1 V7X
671,Gillian,Roberts,07/07/1960,7700900748,ZZ213565T,62393616,132483,LL12 3ZT
672,Alexander,Taylor,04/10/1983,07700 900 043,ZZ 555774 T,125060080,813919,EC1 FZL
673,Roy,Shaw,19/02/1994,+44(0)7700900111,ZZ 089291 T,14151259,165277,SW1 YLH
674,Brenda,Brooks,14/05/1974,+44(0)7700900985,ZZ 271375 T,89642078,753983,FK8 RQD
675,Francesca,Parker,26/04/1961,(07700) 900880,ZZ133246T,109486253,786325,IV3 JC5
676,Georgia,Tomlinson,14/08/1962,(07700)900501,ZZ 595271 T,129872766,855162,SW14 QAE
677,Jason,Smith,24/11/1979,+447700 900962,ZZ 852653 T,121701505,439499,BT48 OA5
678,Carol,Page,09/03/1985,4.48E+11,ZZ 850332 T,40514750,513615,KA3 AF9
679,Stewart,Brooks,22/03/1981,+447700 900 257,ZZ936333T,86994004,485266,E2 LO4
680,Hugh,Smith,21/05/1993,+447700 900 394,ZZ 322305 T,74271137,164704,EH3 G78
681,Oliver,Haynes,20/06/1987,(07700) 900 303,ZZ 640619 T,82636625,283906,OX1 Z31
682,Hugh,Ali,16/10/1981,(07700)900252,ZZ 25 01 44 T,52936782,202697,NP10 HD5
683,John,Anderson,31/12/1980,07700 900562,ZZ 001831 T,32287668,215531,B2 VJY
684,Harry,Williams,11/05/1957,07700 900 801,ZZ 551167 T,35983930,266920,SA3 QEW
685,Sam,Rhodes,14/08/1976,(07700)900190,ZZ836789T,37196686,351130,YO11 SX6
686,Ruth,Wyatt,20/03/1957,+44(0)7700 900 789,ZZ187203T,43196612,488968,SW2 I1Y
687,Frederick,Roberts,26/02/2000,(07700) 900931,ZZ995893T,18441460,590579,L2 G5H
688,Shannon,Harding,30/10/1994,+44(0)7700900764,ZZ 36 42 06 T,105972965,854068,LS3 63O
689,Sandra,Allen,11/07/1982,(07700) 900109,ZZ 02 32 03 T,109598536,649481,CF10 D12
690,Karen,Brown,19/04/1960,07700 900 068,ZZ588474T,79015725,865505,SE10 WO9
691,Rosie,Gardiner,14/07/2002,(07700) 900 053,ZZ 12 18 42 T,93621742,810991,YO11 D9Z
692,Gerald,Edwards,23/04/1994,+44(0)7700 900 151,ZZ916996T,95794295,838701,SW18 5F8
693,Catherine,Price,05/04/2001,(07700) 900145,ZZ 600011 T,124505805,330430,KA3 IM2
694,Kerry,Reynolds,02/01/1956,07700 900062,ZZ 83 39 30 T,63365957,305805,B2 DZP
695,Kyle,Miller,15/10/1972,(07700)900482,ZZ347115T,118691990,358040,E2 QN6
696,Deborah,Clarke,12/07/1980,07700 900367,ZZ 632510 T,53512383,726852,M1 ASJ
697,Malcolm,Williams,10/11/1983,07700 900963,ZZ 182817 T,42529044,757254,N1 PO8
698,Matthew,Walker,31/01/1966,(07700)900035,ZZ543197T,51481063,181072,DD1 C2L
699,Catherine,Roberts,13/11/1971,07700 900517,ZZ 18 47 09 T,112289573,785190,SE1 CSK
700,Ben,Clements,09/07/1969,4.48E+11,ZZ 619181 T,104060988,871442,S3 WQ3
701,Lisa,Greenwood,22/12/1989,7700900524,ZZ 67 54 09 T,34344237,289006,SW15 3PF
702,Stacey,Barnett,02/12/1983,+447700 900776,ZZ783809T,28276780,164327,SW18 ZAO
703,Sophie,Morgan,15/05/1980,+447700 900 303,ZZ042294T,110340498,426172,SE14 I8R
704,Mandy,Webb,14/07/1969,4.48E+11,ZZ883353T,107069708,839667,EH2 U6G
705,Sarah,Archer,23/11/1968,07700 900705,ZZ 98 44 81 T,26681597,662635,BN3 PVF
706,Sally,Whitehead,27/03/1976,+44(0)7700 900286,ZZ 89 57 39 T,69253241,243783,W1 7P8
707,William,Newton,02/04/1960,+44(0)7700 900919,ZZ515242T,67155451,842618,N22 N6H
708,Jasmine,Fowler,06/02/1992,4.48E+11,ZZ 694432 T,125477372,177865,KA1 CVI
709,Suzanne,O'Neill,07/06/1985,7700900719,ZZ 74 54 35 T,51154604,772394,SW1 I9R
710,Carol,Humphreys,29/08/1957,+44(0)7700900583,ZZ 51 14 66 T,94821567,114385,SW1 EUF
711,Arthur,Evans,30/05/1973,4.48E+11,ZZ272152T,11995722,881832,W1 P6C
712,Valerie,Wallace,07/08/1994,(07700)900583,ZZ737864T,41876947,221657,E2 6OI
713,Diana,Fowler,03/04/1981,+447700 900 815,ZZ968302T,97340951,307489,BT28 LD3
714,Sean,Chapman,12/04/1990,(07700) 900595,ZZ 37 58 38 T,123773120,245424,EC1 S4A
715,Samantha,Kelly,26/06/1966,+447700 900 964,ZZ120874T,52240999,229207,NE1 HAL
716,Paul,Bishop,08/08/1975,07700 900233,ZZ344520T,26733597,517741,SE11 8LQ
717,Caroline,Richards,06/07/1974,7700900859,ZZ009537T,59550666,763218,SW3 Q9P
718,Dorothy,Atkinson,07/07/1972,+447700 900 213,ZZ659118T,82108674,783488,E1 JK0
719,Jay,Chapman,06/11/1956,07700 900 849,ZZ 79 26 59 T,25450473,527963,DD2 OTS
720,Marilyn,Ford,15/09/1985,07700 900703,ZZ951988T,100137064,237863,SA2 QN0
721,Amber,Parkinson,03/11/1968,+44(0)7700 900487,ZZ723507T,23231995,653505,B2 WM9
722,Leslie,Phillips,02/01/1992,+44(0)7700900837,ZZ 308523 T,107876276,802862,E3 69C
723,Sandra,Edwards,01/06/1972,(07700) 900 796,ZZ 33 62 64 T,42055903,608277,W6 1PU
724,Teresa,Smith,30/01/1977,4.48E+11,ZZ 313922 T,63183650,705082,SE6 MJX
725,Molly,Pope,07/03/1984,+447700 900754,ZZ224946T,33365291,891042,YO11 MPE
726,Georgia,Evans,29/01/1990,+447700 900327,ZZ416294T,118159717,187836,NW11 AJK
727,Gareth,Gibbons,26/07/1979,07700 900 090,ZZ 400482 T,26865630,641512,S2 5WN
728,Anna,Richards,05/10/1988,07700 900039,ZZ436685T,49410253,814205,SE13 KBA
729,Leonard,Brown,13/07/1978,07700 900 974,ZZ121827T,30904312,880085,W8 5GL
730,Pauline,Shah,07/08/1970,+44(0)7700 900118,ZZ 99 25 20 T,62185934,606171,N1 ZOJ
731,Brandon,Ali,09/03/1981,4.48E+11,ZZ 839831 T,96180455,771052,BN2 5BN
732,Ross,John,12/08/1980,(07700) 900 608,ZZ122429T,68348746,237404,DD1 IAE
733,Dylan,Quinn,08/08/1967,(07700) 900735,ZZ 90 61 43 T,125212508,642656,SO15 HMQ
734,Georgia,Howe,28/04/1985,(07700) 900249,ZZ957768T,33769499,698045,EX2 BJ9
735,Rachael,Lucas,04/03/1980,(07700)900835,ZZ037958T,123000233,758730,EX1 WZC
736,Lynn,Cooper,27/11/1960,(07700) 900 810,ZZ 568385 T,103067801,526495,AB10 U8S
737,Glen,Jones,27/02/1991,4.48E+11,ZZ484304T,45574397,589681,N22 5DW
738,Annette,Cook,06/05/1968,(07700) 900 620,ZZ 46 93 68 T,20739937,373006,SE1 ZBE
739,Jane,Pritchard,20/05/1996,+447700 900 682,ZZ 74 49 38 T,92597039,444894,L2 GL6
740,Mohammed,Jenkins,21/09/1975,(07700) 900 523,ZZ 04 51 09 T,22957607,668421,OX1 GJI
741,Gary,Ball,22/12/1964,+44(0)7700900484,ZZ 53 22 04 T,125224428,420128,SE3 DME
742,Paula,Marshall,11/08/1970,+447700 900 102,ZZ 87 17 74 T,40741222,348436,PH1 6X2
743,Gail,Gibbs,08/08/1977,4.48E+11,ZZ 971840 T,84438960,529359,EX3 BS5
744,Timothy,George,07/05/2003,(07700)900953,ZZ 74 08 50 T,80055046,708299,DG3 FAU
745,Malcolm,Burns,21/01/1980,(07700)900593,ZZ 31 69 54 T,105260923,176022,NG2 Z06
746,Paul,Chapman,03/07/1963,+44(0)7700900580,ZZ 339520 T,10310719,401106,BS2 N6H
747,Lorraine,Stevenson,24/08/1967,+44(0)7700 900625,ZZ 375932 T,60071736,561006,SW6 MTV
748,Anna,Burton,06/01/1985,+44(0)7700900677,ZZ375693T,108066962,181154,SW11 SXG
749,Ben,Day,23/12/1985,07700 900676,ZZ 808708 T,10125771,144361,BS2 FR6
750,Jake,Wood,03/01/1980,+447700 900897,ZZ976926T,116064040,439724,SW12 B01
751,Tracey,Butcher,10/06/1980,07700 900 267,ZZ672484T,67825419,199546,SW1 VU2
752,Danielle,Wood,02/01/1986,07700 900 080,ZZ 56 97 50 T,30653003,546560,LS3 4IT
753,Danny,Thompson,25/10/1962,07700 900029,ZZ 61 98 53 T,40804156,620353,TW10 F94
754,Carly,Davies,25/03/1998,7700900780,ZZ 43 15 74 T,68943484,406481,BN3 WHQ
755,Alice,Wells,13/08/1965,+44(0)7700900202,ZZ993855T,55291071,131414,SW4 GK2
756,Frank,Hayward,07/11/1987,7700900635,ZZ 48 66 98 T,124727573,722114,YO10 C2R
757,Leon,Phillips,05/08/1965,7700900545,ZZ 900900 T,116930242,587464,SO16 F3Z
758,Terry,Lloyd,17/11/1989,(07700)900525,ZZ963913T,57242400,509326,SO15 0KQ
759,Amber,Reid,21/02/2003,+44(0)7700 900 069,ZZ504616T,75332978,217069,SW7 2TR
760,Bethan,King,07/08/1968,(07700) 900131,ZZ 026395 T,35797032,143826,SW11 USG
761,Georgia,Stevenson,15/06/2002,(07700) 900 289,ZZ 638795 T,70944811,868610,WC1 ALG
762,Hugh,Bell,13/07/1971,+44(0)7700900839,ZZ 14 17 90 T,27479821,627948,S1 W6E
763,Katie,Walsh,17/03/1998,07700 900 846,ZZ 487608 T,111959325,323978,L1 X43
764,Trevor,Taylor,10/04/1989,(07700) 900655,ZZ 253673 T,58561973,103692,SW7 WBP
765,Margaret,Wilson,31/05/1990,07700 900 314,ZZ183744T,76702853,724618,LS1 72Z
766,Kelly,Iqbal,23/12/1962,+44(0)7700 900379,ZZ403463T,121502759,613076,N9 3EA
767,Lynn,West,14/07/2003,(07700)900196,ZZ363522T,82998693,721570,M3 6ZC
768,Marian,Sutton,06/03/1985,+447700 900 926,ZZ 138979 T,28304487,628258,N8 8Q3
769,Ann,King,25/05/2001,+44(0)7700900335,ZZ 556029 T,75100074,484178,BT48 IQX
770,Eileen,Miller,17/08/1993,7700900573,ZZ376995T,76732700,215460,FK9 OFH
771,Oliver,Watson,21/05/1986,+447700 900568,ZZ 289053 T,56588233,581675,M2 PJ4
772,Kyle,Glover,17/11/1985,+44(0)7700900363,ZZ 75 24 80 T,25450198,417182,CB2 HB0
773,Jayne,Tucker,27/09/1964,4.48E+11,ZZ173275T,16797310,214720,NE3 R4F
774,Dylan,Harper,09/11/1990,(07700) 900309,ZZ 963500 T,29861657,351050,TW9 AE0
775,Zoe,Smith,22/11/1964,7700900733,ZZ 043218 T,125791993,720127,E14 G2D
776,Clifford,Harding,13/11/1979,+447700 900 271,ZZ 749318 T,38942062,167629,WC1 N9P
777,Ruth,Smith,18/12/1961,(07700) 900191,ZZ240296T,53518303,185395,S2 9HZ
778,Hilary,Chapman,29/10/1964,(07700)900978,ZZ 965995 T,73149008,529491,B3 VBI
779,Charlie,French,03/05/1971,+447700 900494,ZZ 45 85 50 T,122999141,398273,W1 89H
780,Justin,Faulkner,22/04/1981,(07700) 900489,ZZ 18 32 54 T,89740776,555138,M3 YS2
781,Joanne,Khan,04/10/1957,(07700)900293,ZZ 736932 T,15124010,313619,SW1 5CR
782,Brian,Hicks,20/10/1988,+447700 900304,ZZ 65 63 43 T,103466211,416488,N8 S17
783,Paula,Dunn,21/02/1998,(07700)900852,ZZ488736T,42361150,250903,AB10 5DF
784,Anne,Martin,29/09/1962,07700 900812,ZZ 738887 T,62309066,545887,W1 8Q3
785,Jordan,O'Neill,23/02/1974,7700900741,ZZ 10 04 47 T,47893568,452324,B3 S7G
786,Mark,Phillips,11/02/1993,07700 900458,ZZ030105T,72401145,429901,E2 B2J
787,Allan,Barnes,12/12/1983,(07700) 900686,ZZ 83 52 38 T,89940893,758559,OX1 1E2
788,Eleanor,Day,25/01/1961,+44(0)7700900132,ZZ 849987 T,77923709,529918,SO16 X4B
789,Scott,James,06/09/1997,07700 900098,ZZ 48 32 07 T,23695764,446876,OX2 0MY
790,Tracy,Humphries,24/11/1956,4.48E+11,ZZ 39 39 22 T,32836860,823277,SW4 J1L
791,Angela,Jones,15/03/1977,07700 900 427,ZZ210900T,113640742,751781,DD2 7C0
792,Judith,Hewitt,01/01/1988,07700 900926,ZZ880117T,86243467,439097,L3 CK5
793,Alice,Whittaker,17/06/1961,4.48E+11,ZZ 214844 T,71779658,615829,W8 V3X
794,Maria,Phillips,25/10/1987,+44(0)7700 900075,ZZ 09 36 04 T,44674324,387403,SE11 O4I
795,Clifford,Warren,28/08/1996,07700 900985,ZZ259035T,112781301,836151,SW1 R9U
796,Toby,Parkinson,18/12/1964,+44(0)7700 900077,ZZ399083T,105324885,100927,SE5 PCR
797,Clive,Matthews,25/05/2001,(07700)900926,ZZ 71 53 47 T,36388877,342177,NG3 MHI
798,Declan,Griffiths,21/04/1962,+44(0)7700 900 520,ZZ767626T,46341273,842002,B1 P3G
799,Judith,Warren,04/02/1963,+44(0)7700 900 358,ZZ610472T,104329962,548442,N22 C0H
800,Bruce,Curtis,30/08/1993,+44(0)7700900720,ZZ 58 57 13 T,114943781,451245,EC1 NSQ
801,Jodie,Bevan,13/10/1980,+447700 900365,ZZ 13 29 60 T,117545717,372812,KA1 RYC
802,Leonard,Dobson,07/09/1985,+44(0)7700 900577,ZZ 19 51 49 T,43561182,899178,LL57 OW0
803,Raymond,Ashton,28/03/1983,+447700 900 951,ZZ 76 91 44 T,95809973,502980,CF11 HLO
804,Marc,Smith,03/08/1979,(07700) 900950,ZZ460605T,96929027,301060,WC1 SGF
805,Leon,Miah,26/11/1962,(07700) 900 612,ZZ 766638 T,21654765,403845,N1 N2L
806,Helen,Payne,16/06/1977,+447700 900 905,ZZ408115T,61702842,814003,SO14 X6V
807,Amber,Sanders,07/02/1957,+44(0)7700 900173,ZZ 48 92 67 T,27386406,158714,SE3 U8Q
808,Samuel,Edwards,28/06/1963,07700 900 695,ZZ 090005 T,10667666,638779,SW1 SJH
809,Kim,Edwards,25/05/1981,+44(0)7700 900327,ZZ 88 00 74 T,21817227,677868,L2 VDX
810,Iain,Jones,27/04/1992,7700900831,ZZ209285T,83070552,262938,WC1 ELI
811,Damien,Lewis,08/03/1956,(07700) 900 980,ZZ 099525 T,82994710,347665,SO14 GXN
812,Oliver,Holmes,20/07/1974,07700 900 536,ZZ 09 94 67 T,88029663,471839,NE1 JBK
813,Kyle,Stone,11/08/1990,7700900762,ZZ431097T,83392939,435943,IV3 XFQ
814,Daniel,Barrett,10/09/2002,07700 900 255,ZZ 00 91 44 T,79752512,480589,SW2 4IZ
815,Carly,Perry,03/06/1990,+44(0)7700 900 296,ZZ696837T,20978057,421516,SW11 0KO
816,Victor,Young,30/11/1961,(07700) 900 245,ZZ 346244 T,54309870,613924,N1 A5V
817,Zoe,Alexander,16/10/1996,+447700 900 403,ZZ 29 31 48 T,92927175,158033,OX2 XTF
818,Christian,Gilbert,16/09/1983,+447700 900 116,ZZ192442T,11631361,145476,S3 65D
819,Leonard,Marshall,29/08/1982,07700 900508,ZZ 599246 T,126109351,262620,SE14 HMD
820,Vanessa,Harrison,04/07/1981,+44(0)7700 900869,ZZ 02 50 40 T,31639686,238018,NW1 2SK
821,Jordan,Vincent,17/07/1959,+44(0)7700900097,ZZ 00 53 03 T,77010421,882864,OX3 QPB
822,Brandon,Clayton,25/01/1978,(07700)900181,ZZ 858415 T,17841414,812607,SW14 XDQ
823,Hugh,Taylor,18/03/1990,07700 900 795,ZZ 34 21 32 T,24775023,637420,FK9 7BX
824,Ben,Holland,01/02/1981,+44(0)7700 900771,ZZ 03 66 80 T,69889864,838898,CB3 ID8
825,Judith,Robson,08/05/2001,4.48E+11,ZZ 663295 T,54978117,686659,BN1 ULW
826,Amy,Watson,12/08/1995,(07700)900248,ZZ534380T,116446419,734351,DG3 QWU
827,Anthony,Phillips,30/05/2002,+447700 900 339,ZZ 196961 T,68160225,680305,L3 P4Q
828,Keith,Carroll,21/12/1995,7700900979,ZZ691064T,103609366,649379,B2 XRM
829,Victoria,Edwards,31/05/1971,07700 900057,ZZ814380T,120213722,217747,SO16 3VN
830,James,Hutchinson,27/02/1971,07700 900044,ZZ 559970 T,99764904,879696,M3 30D
831,Gregory,Gough,10/12/1973,07700 900 900,ZZ937919T,24962438,593523,NW11 WLK
832,Mohammad,Hewitt,09/09/1959,+447700 900 660,ZZ296324T,17575832,491606,E3 GN1
833,Lindsey,Hamilton,03/09/1994,07700 900811,ZZ993260T,83174843,608648,W1 G46
834,Hollie,Carter,19/04/1982,4.48E+11,ZZ514029T,119542161,493189,AB12 ATJ
835,Tracey,Wheeler,07/03/2000,4.48E+11,ZZ 404472 T,20137209,478756,EH1 4Y8
836,Paul,Wilkins,14/12/1956,07700 900944,ZZ 132630 T,84285210,458084,CB1 XNE
837,Victoria,Matthews,16/02/1983,+447700 900 434,ZZ 72 88 26 T,70804553,333671,NW3 R24
838,Brandon,Barker,25/11/1996,07700 900199,ZZ 54 97 99 T,39563262,746584,PH3 RA7
839,Dennis,Jackson,25/09/1989,07700 900 202,ZZ039654T,104878361,595396,IV2 ACU
840,Brett,Harvey,21/08/1998,7700900025,ZZ 453193 T,66146856,616377,OX3 YEV
841,Nicola,Hewitt,18/10/1959,(07700) 900776,ZZ 264973 T,17992978,788109,SW3 L5B
842,Craig,Phillips,25/04/1995,+44(0)7700 900 485,ZZ 842482 T,125592710,828747,SE14 DY9
843,Josh,Barry,06/07/1958,(07700) 900142,ZZ 786909 T,47323465,703275,E3 3GF
844,Michael,Williams,10/09/1989,07700 900 947,ZZ530358T,80112442,772870,SE6 PW9
845,Tracy,Ferguson,18/09/1998,+447700 900826,ZZ 31 37 30 T,75459479,488198,DG1 NBV
846,Amanda,Robinson,27/05/1983,+447700 900398,ZZ 50 67 80 T,98512377,861341,DG1 VYZ
847,Jane,Miller,14/04/1970,+447700 900 829,ZZ 942330 T,96445381,770916,LS1 PFU
848,Marion,Young,06/08/1973,+44(0)7700900695,ZZ836106T,77299624,350457,EX1 R4A
849,Lauren,Preston,16/11/1980,07700 900791,ZZ 897885 T,111540404,470874,N1 0EZ
850,Rachel,Johnson,02/04/1999,4.48E+11,ZZ 64 63 52 T,31952062,812308,BT27 W2T
851,Sean,Hill,03/07/1976,07700 900001,ZZ932853T,12335446,269952,SO15 VMF
852,Bernard,Barrett,04/08/1979,(07700) 900020,ZZ 420771 T,77107635,360028,AB12 J1Q
853,Terry,Watts,12/11/1956,+44(0)7700900067,ZZ 697956 T,29945023,694790,BT34 610
854,Leah,Roberts,16/10/1958,(07700) 900244,ZZ 33 01 50 T,74474303,132223,CB3 EJL
855,Glenn,Watts,25/05/1995,4.48E+11,ZZ442438T,126330829,511483,PH1 NLE
856,Nicholas,Read,29/12/1974,+44(0)7700 900 961,ZZ345972T,103801892,262443,IV1 YZ1
857,Jodie,Newton,11/02/1974,+447700 900240,ZZ 41 69 48 T,19066857,414460,PO1 HBC
858,Emma,Stephenson,25/08/1986,+44(0)7700 900083,ZZ915891T,116593980,673796,WC1 NOE
859,Jake,Davies,16/04/1961,+44(0)7700 900237,ZZ 612611 T,46424721,613126,S1 MW9
860,Howard,Bryant,07/09/1975,+44(0)7700900474,ZZ 68 62 39 T,16172595,709278,WC1 ITO
861,Chloe,Peacock,12/02/1978,7700900641,ZZ916588T,14208089,276341,SW11 AOX
862,Margaret,Shaw,08/10/1968,(07700)900856,ZZ 99 42 93 T,123588991,307510,BN3 LMD
863,Gillian,Adams,22/03/1964,+44(0)7700900760,ZZ741361T,85274152,381745,OX3 JYL
864,Sharon,Gilbert,22/06/1996,07700 900929,ZZ844414T,91010261,622715,L1 LGE
865,Abbie,Ferguson,07/12/1982,07700 900 010,ZZ 82 70 54 T,83856954,513693,W8 78E
866,Lee,Adams,24/12/1996,(07700) 900359,ZZ526166T,111037580,382684,SE13 QDR
867,Ross,Smith,19/07/1958,07700 900758,ZZ009252T,84975410,231953,BT28 XIP
868,Sally,Hopkins,08/09/1999,(07700) 900 782,ZZ 39 05 57 T,55955142,327676,N2 2H8
869,Carly,Baker,30/01/1982,+447700 900 869,ZZ 67 17 46 T,94697403,466537,SW18 4AW
870,Lewis,Pollard,31/08/1991,+44(0)7700 900 907,ZZ 36 66 02 T,104409345,755501,BS3 2AV
871,Sharon,Henry,12/03/1973,07700 900 191,ZZ219449T,107319160,790356,BT48 0ID
872,Adrian,Elliott,23/02/1988,(07700) 900841,ZZ 84 38 10 T,71853244,189583,YO10 AR5
873,Dylan,Day,11/07/1987,+44(0)7700 900140,ZZ 167901 T,37643647,402608,NG2 UP4
874,Suzanne,Howell,11/02/2001,+44(0)7700 900830,ZZ 58 38 35 T,83713550,780117,NE3 02U
875,Georgia,Smith,12/06/1961,+44(0)7700900087,ZZ 44 22 69 T,81692576,347045,BT60 K1L
876,Nathan,Richardson,09/09/1962,4.48E+11,ZZ 62 92 83 T,58676318,179653,N8 V16
877,Garry,King,28/06/1966,+44(0)7700900348,ZZ450999T,51512673,868963,N9 NML
878,Neil,Baxter,12/05/1957,(07700) 900153,ZZ 150743 T,113885471,209513,SE7 0MS
879,Jodie,Mann,15/11/1978,+447700 900 009,ZZ 363695 T,12139956,336894,SW3 YBD
880,Connor,Watson,06/02/1987,4.48E+11,ZZ 618233 T,76706367,128069,G3 JH1
881,Alexandra,Atkins,30/06/1980,07700 900 347,ZZ 92 59 40 T,110092432,591456,DD2 O51
882,Adam,Griffiths,24/07/1966,7700900833,ZZ132671T,43126763,321725,FK7 RFW
883,Leah,Reynolds,14/05/1956,(07700)900986,ZZ 52 70 67 T,14896792,326677,PO1 SLC
884,Denise,Buckley,02/07/1986,(07700)900124,ZZ843341T,25680531,403172,B2 B5R
885,Charlene,Watson,15/09/1998,7700900661,ZZ 912299 T,100743801,680290,LS1 VFQ
886,Glenn,Robinson,25/02/1995,(07700) 900 458,ZZ139749T,20013860,203476,BT62 L21
887,Chelsea,Taylor,28/07/1968,+44(0)7700900820,ZZ 309954 T,111833904,521016,IV1 IEK
888,Kerry,Smith,19/01/1980,+44(0)7700900645,ZZ917222T,108462566,695670,SW4 QXD
889,Chelsea,White,20/11/1977,07700 900 112,ZZ 59 85 90 T,77032784,278190,SW3 FM9
890,Sam,Barker,24/04/2002,(07700)900950,ZZ 70 91 19 T,109001065,381865,M3 XMV
891,Russell,Jones,12/06/1958,+44(0)7700 900596,ZZ 06 87 15 T,14933312,752472,BN1 P9X
892,Anne,King,16/07/1981,07700 900903,ZZ 56 86 15 T,101561859,446250,SW11 D59
893,Sally,Brown,01/10/1970,+44(0)7700 900802,ZZ 042058 T,53989518,403321,PH2 EO2
894,Cheryl,Flynn,04/10/1968,07700 900161,ZZ649667T,22411774,432457,S3 2LS
895,Pamela,Jones,25/10/1965,(07700) 900810,ZZ 11 31 26 T,47916869,790221,N1 BNH
896,Clare,Faulkner,03/09/1962,07700 900 213,ZZ 93 73 09 T,90201039,462327,BS2 Y5J
897,Gail,Robertson,28/03/1991,07700 900 102,ZZ 84 99 24 T,40857019,569679,CB1 9GX
898,Dean,Swift,05/03/1987,+44(0)7700900243,ZZ 624983 T,36975798,138246,LS3 RD7
899,Mandy,Baker,05/03/1975,(07700)900902,ZZ 34 54 27 T,94521414,762243,CB2 QSX
900,Gary,Walker,31/12/1988,07700 900445,ZZ 403464 T,120537178,437523,CF12 DAZ
901,Graham,Hunt,03/04/1993,(07700) 900837,ZZ093510T,83021297,681234,BN3 Y7F
902,Keith,Williams,15/02/1966,07700 900 743,ZZ714962T,86965321,565744,LS2 J3K
903,Joel,Flynn,08/04/1961,(07700) 900 776,ZZ 124614 T,89845150,258493,CF10 WCB
904,Kathryn,Mason,24/12/1955,07700 900 902,ZZ 69 30 36 T,10962840,891618,YO10 MJY
905,Dorothy,Phillips,19/12/1971,07700 900 865,ZZ490400T,21216080,474395,SW6 AT4
906,Hannah,Hobbs,20/02/1964,07700 900914,ZZ 02 89 32 T,77814449,279012,NG3 VMR
907,William,Moore,08/11/1961,+44(0)7700 900690,ZZ 526730 T,84734428,163864,S3 SWD
908,Kenneth,Cox,24/10/1986,+44(0)7700 900529,ZZ720984T,58107463,582000,LS1 6VH
909,Katy,Norman,20/01/1961,+44(0)7700 900 913,ZZ264221T,48571588,339130,SE14 WLR
910,Denise,Jones,06/08/1956,07700 900 703,ZZ 62 08 97 T,67527607,604748,BT36 JBN
911,Francesca,Stewart,26/09/1956,07700 900174,ZZ 361993 T,80315540,833803,NW3 C5F
912,Brenda,Thomas,29/03/2001,07700 900337,ZZ 27 18 47 T,62224497,290712,CB1 VSL
913,Gordon,Johnson,17/02/1980,+447700 900 381,ZZ 86 85 85 T,107573294,816712,PO1 JZD
914,Joan,Pritchard,01/07/2001,+44(0)7700 900 623,ZZ 612671 T,82871901,159234,CF12 PLX
915,Ross,Brown,26/04/1988,(07700) 900 191,ZZ506068T,99900030,687178,L2 7M1
916,Amanda,Morgan,24/01/1998,+44(0)7700900957,ZZ868644T,114291051,802048,BN1 SRL
917,Bethan,Harding,17/06/1975,4.48E+11,ZZ 00 05 58 T,113827785,834337,BT34 X3Y
918,Suzanne,Long,29/06/1988,+447700 900 799,ZZ 898642 T,119146460,171074,BN3 S2G
919,Oliver,Griffiths,31/05/1973,+447700 900281,ZZ 961237 T,76042681,719745,NW2 WSI
920,Ashley,Clarke,03/06/1976,07700 900568,ZZ 11 13 67 T,29708228,132201,M2 PAV
921,Marie,May,28/08/1978,(07700) 900345,ZZ 737026 T,102855881,337981,W8 O8T
922,Fiona,Byrne,21/07/1981,07700 900 338,ZZ 73 41 11 T,12836398,484042,G1 3GN
923,Kimberley,Andrews,30/06/1997,(07700) 900517,ZZ574843T,82148919,444863,W1 NS1
924,Ann,Smith,20/01/1980,+44(0)7700 900788,ZZ991753T,22106157,574769,OX3 0NY
925,Jessica,Nelson,23/04/1975,(07700)900076,ZZ 99 58 21 T,125885663,652628,DG2 TIS
926,Laura,Cooper,28/12/1998,(07700)900051,ZZ049274T,123420062,601068,BT49 MBE
927,Alex,Williams,28/04/1996,7700900816,ZZ553159T,31431062,299190,NW1 OCP
928,Sian,Carter,09/09/1974,07700 900966,ZZ 977659 T,71380513,532337,SE14 7CT
929,Louis,Hughes,17/02/1978,4.48E+11,ZZ 19 05 25 T,98467778,389397,BS2 ZKB
930,Nicole,Abbott,21/03/1974,07700 900 614,ZZ 725522 T,52507166,254366,N9 QO9
931,Amber,Jones,26/05/1980,+44(0)7700 900214,ZZ 954868 T,85789728,373923,SW6 ZWB
932,Kenneth,Jones,29/07/1967,4.48E+11,ZZ 957501 T,49016437,276730,BT29 0ZY
933,Kirsty,Garner,25/11/1978,07700 900059,ZZ553924T,20739474,267387,PH1 5B6
934,Mohamed,Lowe,22/03/1976,07700 900131,ZZ 96 80 35 T,30168051,494168,NE1 9JB
935,Jean,Nicholls,22/08/1957,(07700)900834,ZZ785589T,129754305,529272,SO15 JZB
936,Jane,Johnson,31/07/1963,4.48E+11,ZZ 47 77 65 T,105582614,378434,TW10 VPF
937,Simon,Fox,28/01/1961,07700 900498,ZZ152530T,106611694,663715,W6 BTA
938,Iain,Moore,27/12/1955,+44(0)7700900454,ZZ 821710 T,129354297,835531,PO2 KHR
939,Peter,Brookes,19/07/1956,07700 900465,ZZ517176T,14522969,460096,NE3 T6X
940,Georgia,Moore,11/08/1965,+447700 900 439,ZZ 500024 T,123221779,464036,N22 2XB
941,Nathan,Bailey,01/08/1974,4.48E+11,ZZ 43 75 46 T,102165872,275398,DG3 7Q2
942,Alice,Evans,10/01/1993,+447700 900 360,ZZ 64 30 09 T,37923956,799990,NW2 P8O
943,Lucy,Parker,09/03/1980,+44(0)7700 900 029,ZZ 279318 T,77635424,505477,NG1 M5P
944,Liam,Johnson,01/07/1965,(07700) 900765,ZZ916852T,42215921,707041,BT29 CIQ
945,Jonathan,Baker,04/05/1968,(07700) 900847,ZZ 49 87 48 T,77531117,604573,N9 YSG
946,Joyce,Abbott,23/05/1981,07700 900 608,ZZ 539387 T,21028854,823839,BT47 5X2
947,Gavin,Kay,14/02/1973,+44(0)7700900206,ZZ 131934 T,52176102,400755,N1 3UL
948,Denis,Scott,18/07/1987,4.48E+11,ZZ 43 26 92 T,63805666,495053,W1 IEU
949,Gareth,Yates,31/08/1963,07700 900 413,ZZ 500194 T,104682764,403480,SE11 CEF
950,Kenneth,Pickering,02/08/1989,7700900193,ZZ125861T,45622647,695731,SE7 3A8
951,Sian,Smart,03/04/1962,4.48E+11,ZZ752085T,64454139,484152,CB1 U72
952,Sheila,Hutchinson,16/09/1977,07700 900 421,ZZ 69 30 31 T,25933835,742254,SW12 54A
953,Joseph,White,18/02/1978,(07700)900003,ZZ 13 79 49 T,69971963,862270,EC1 XBL
954,Shaun,Patel,03/06/1960,4.48E+11,ZZ008513T,28866653,755268,SO15 TLQ
955,Nicola,Ball,02/03/1995,07700 900 877,ZZ 33 34 58 T,38633818,221521,EX3 DO0
956,Heather,Harrison,19/07/1963,7700900522,ZZ 78 39 28 T,72387832,661169,S1 S2H
957,Lisa,Taylor,12/10/2001,(07700)900840,ZZ493458T,87165285,283009,DD1 E1D
958,Jane,Ali,14/04/1958,07700 900 056,ZZ634032T,34733929,488357,BS3 1YB
959,Diana,Clayton,20/06/1964,07700 900463,ZZ 46 55 65 T,74037533,738575,SE10 ZD9
960,Jayne,Kennedy,23/11/2001,4.48E+11,ZZ 747141 T,127031295,746236,SW12 SIM
961,Joanna,Morrison,15/02/1959,+447700 900496,ZZ 821646 T,22293484,305664,N8 NQ9
962,Kyle,Page,15/11/1981,(07700) 900 762,ZZ488709T,26620820,117559,DD2 JD6
963,Nicole,Johnston,24/02/1974,7700900089,ZZ030904T,103973610,193930,W2 U4S
964,Rachel,Evans,19/03/1973,+44(0)7700 900029,ZZ 178551 T,110337443,746608,PO3 ZN6
965,Francesca,Barnes,15/07/1986,07700 900 248,ZZ602234T,125007629,720533,SE13 IZW
966,Ellie,Khan,30/04/1956,7700900514,ZZ 68 84 07 T,41803554,540230,SW4 D4K
967,Georgina,Pugh,11/05/1960,+44(0)7700900337,ZZ 23 94 91 T,128456701,191003,DD1 KYO
968,Daniel,Watkins,23/07/1971,07700 900562,ZZ361616T,101822284,684727,FK9 RSB
969,Holly,Barton,28/07/1960,+447700 900666,ZZ 960526 T,128405008,563883,E1 1GZ
970,Dennis,Davies,02/02/1989,+447700 900 480,ZZ 625911 T,92434545,553884,IV3 6A0
971,Hollie,Green,20/12/1958,(07700) 900953,ZZ617404T,101684516,146917,IV1 JI7
972,Mohammad,Lewis,24/10/1977,+44(0)7700 900229,ZZ 32 64 48 T,40223601,802654,EX3 QGD
973,Eleanor,Arnold,26/07/1973,(07700) 900365,ZZ417528T,24294258,237067,NW1 XR7
974,Katy,Lee,04/12/1957,+447700 900655,ZZ172412T,68790899,420644,SO14 EIH
975,Antony,North,12/02/1976,7700900736,ZZ 801655 T,73293734,746767,LL12 HL4
976,Frederick,Adams,28/06/1968,(07700) 900 921,ZZ609609T,29266278,157159,W8 GCW
977,Sara,Davies,04/01/1998,+447700 900443,ZZ 75 02 00 T,124666809,201486,SA3 SFJ
978,Amy,Vaughan,16/06/1982,(07700)900273,ZZ622667T,123412902,264212,SW1 VKR
979,Joanne,Wright,02/09/1979,(07700)900445,ZZ499131T,124272772,229848,AB12 WHY
980,Douglas,Griffiths,29/09/1958,+44(0)7700 900 261,ZZ 759473 T,38818206,821082,M3 Y81
981,Frederick,Bell,10/11/1981,(07700) 900151,ZZ 51 92 30 T,41045095,512803,PA3 2EY
982,Mark,Bell,02/01/1991,+44(0)7700 900 354,ZZ 21 87 59 T,112606457,374384,N1 D4I
983,Leanne,Waters,08/04/1998,07700 900873,ZZ345844T,77116325,888669,SW1 M47
984,Jeremy,Barrett,10/10/1963,4.48E+11,ZZ 32 78 69 T,13282080,805166,N22 HO6
985,Judith,Morgan,29/10/1972,+44(0)7700 900 672,ZZ 549240 T,48443179,558311,SE10 MB2
986,Nicholas,Leach,13/01/1960,(07700) 900311,ZZ569952T,108520592,594763,LS2 U4W
987,Owen,Phillips,16/09/1956,+44(0)7700 900865,ZZ918708T,93357809,408929,TW10 MKF
988,Tina,Scott,17/03/1981,4.48E+11,ZZ299834T,52293221,822752,SE3 HN5
989,Samantha,Wright,04/08/1999,4.48E+11,ZZ205792T,13871828,856890,LS3 2EH
990,Karen,Thompson,20/07/1997,+447700 900 515,ZZ772318T,91838650,872740,NE1 19X
991,Nicole,Smith,05/04/1990,7700900081,ZZ 297078 T,48471918,336611,E14 92G
992,Keith,Hunter,04/10/2002,07700 900 998,ZZ 469681 T,77430645,136948,N8 12V
993,Jason,Hall,22/10/1964,+447700 900 399,ZZ 417346 T,126878446,464061,SW12 7FG
994,Sharon,Marsh,04/07/1967,07700 900 596,ZZ 795822 T,17230533,176841,YO11 5YA
995,Keith,Hunt,26/01/1964,7700900562,ZZ 32 00 74 T,58067927,757073,LS1 V3D
996,Annette,Scott,19/06/2002,(07700) 900 818,ZZ 26 19 86 T,82020639,834471,BT47 BL0
997,Samantha,Davies,26/04/1956,+44(0)7700 900064,ZZ 532371 T,56190566,449824,NG2 G6B
998,Lisa,Lowe,16/08/1962,(07700) 900733,ZZ 82 05 34 T,26065155,130586,N8 X8D
999,Barry,Barry,10/01/1957,(07700)900288,ZZ 632458 T,44415952,318497,BN3 F26
